"b""In this tutorial, we'll walk you through how to integrate GameOn's APIs into an Android game using a simple quiz ga\xe2\x80\xa6 https://t.co/pwUgvk0z64"""
"b'@RatCasket continues his series on pseudo-random number generation. In this post, he talks about how to use PRNG to\xe2\x80\xa6 https://t.co/KKn7cCzT8J'"
b'Bring your content forward and get your app discovered on Amazon Fire TV. Join the @AmazonAppDev Tech Talk in Londo\xe2\x80\xa6 https://t.co/BSAf0e6Rwv'
"b'""A Netflix for classical music."" In our newest edition of ""Dev Chat,"" German company takt1 explains why Amazon Fire\xe2\x80\xa6 https://t.co/BPuasnSDMb'"
"b'RT @Jupiter_Hadley: I wrote an article for the @AmazonAppDev Blog on Promoting your Game at industry events, and you should check it out:\nh\xe2\x80\xa6'"
"b'Developer @nmeunier shares lessons learned porting and publishing his game, Missile Cards. Read his tips here:\xe2\x80\xa6 https://t.co/slABH5f7fe'"
"b'In this new tutorial, evangelist @Mariuxtheone  walks you through how to add voice controls with the Android Media\xe2\x80\xa6 https://t.co/FfpJh1kjS8'"
b'RT @Mariuxtheone: The @AmazonAppDev Meetups are back in London! Join us Nov 20th at Amazon HQ: Bring Your Content Forward: Get Discovered o\xe2\x80\xa6'
"b""Want to add competition to your game? Get our free eBook on how to set up tournaments in your games. You'll learn h\xe2\x80\xa6 https://t.co/Fz8QWuSN14"""
"b'Announcing the new GameOn Tournament Organizer, a Twitch extension that allows Twitch creators to generate tourname\xe2\x80\xa6 https://t.co/rvSFkPrp0r'"
b'Download the free 2018 Global Mobile Market Report by @NewzooHQ and learn the latest trends in mobile gaming:\xe2\x80\xa6 https://t.co/dtFA4EtKGl'
b'Designing for voice is different than designing for screens. Here are four design patterns to keep in mind when cre\xe2\x80\xa6 https://t.co/5RssW5vf9X'
b'Learn how to use EditText on #FireTV to improve the user experience: https://t.co/qtqZBH30De'
"b""We're excited to announce our new reporting dashboard, aimed at providing more transparency and increase ease of us\xe2\x80\xa6 https://t.co/7jf0tcQSM7"""
"b'Learn how the app ""Abandoned Girls"" launched exclusively in Japan with the Amazon Appstore: https://t.co/qikOahKUfO #gamedev #appdeveloper'"
"b""@DenisMondon Hi Denis - We don't have any information to share at this time. We'll be sure to communicate updates when we can."""
"b""Let's talk about pseudo-random number generation with @RatCasket \nhttps://t.co/j67iGP7EM1 https://t.co/OauEmzJpzB"""
b'Award-winning composer @dannyBstyle shares his tips for applying mixing concepts into a game: https://t.co/NDHn0tk5TD #gameaudio #gamedev'
"b""@ishish Hi Ish - I'm sorry you're having trouble uploading your app. Please post the error in our developer forums\xe2\x80\xa6 https://t.co/L3NcDTMoJm"""
"b'@aninstanceofdan Hi Dan, thanks for reaching out! @alexadevs, can you help?'"
"b'Brilliant 4K picture and immersive sound is coming soon to the United States, Canada, United Kingdom, Germany, Indi\xe2\x80\xa6 https://t.co/B7bZET7bEG'"
b'Ready. Set. Match! Introducing Teams API method \xf0\x9f\xa4\xa9 #AmazonGameOn #gamedev\nhttps://t.co/mpR6cLMiC8'
b'3 team management best practices from Nathan Ranney @RatCasket founder of game development studio Gutter Arcade.\xe2\x80\xa6 https://t.co/axF2dtuoFj'
"b""Game Insight Increases Survival Arena's Retention by 31% with #AmazonGameOn \xf0\x9f\xa4\xa9\nhttps://t.co/RGrzhaAn4D"""
"b'Bring your game to life with particle effects like explosions, magic effects, water, and smoke! \xf0\x9f\x92\xa5\xf0\x9f\xa7\x99\xe2\x80\x8d\xe2\x99\x80\xef\xb8\x8f\xf0\x9f\x8c\x8a\nhttps://t.co/UCr2OSvUYM'"
"b'@1HaKr Hello, thank you for reaching out, your case is in progress with support, please follow up with support for\xe2\x80\xa6 https://t.co/rrLxxNF7yr'"
b'Learn how to engage players and create stronger communities with competition using Amazon GameOn. Register now for\xe2\x80\xa6 https://t.co/H9l3w0X2MW'
"b'Across the global market, consumers will spend $92.1 billion on apps this year. Download the 2018 Global Mobile Mar\xe2\x80\xa6 https://t.co/2K4d0Iq1Y5'"
"b""RT @Mariuxtheone: On the road again to kick off the Q4 season of @AmazonAppDev Meetups! Next stop: Berlin for tomorrow's meetup on #AmazonG\xe2\x80\xa6"""
b'Looking forward to welcoming everyone at the #AmazonAppsters Berlin meetup tomorrow. If you haven\xe2\x80\x99t already done so\xe2\x80\xa6 https://t.co/k6rj2qkrw2'
b'Have you heard? @mariuxtheone is back in Berlin with more exciting #AmazonGameOn facts. Come along for a fun &amp; info\xe2\x80\xa6 https://t.co/eXpsbQNVSK'
"b'RT @KenneyNL: Excited to share the latest article I\'ve written for @AmazonAppDev blog; ""Drawing Particle Effect Sprites"" where I\'ll show yo\xe2\x80\xa6'"
b'Learn how to create engaging tournaments for your players with Amazon GameOn \xf0\x9f\x8e\xae #gamedev #indiedev\nhttps://t.co/jCBEBAZ7aB'
b'One week to go - secure your spot for the next #AmazonAppsters Berlin meetup with @mariuxtheone. Discover the futur\xe2\x80\xa6 https://t.co/CiDnmPZjLa'
"b'Say hello to the All-New Amazon Fire HD 8! 10+ hours of battery, always-ready, hands-free #Alexa, plus Show Chargin\xe2\x80\xa6 https://t.co/6XbCNRswa5'"
"b""We're excited to announce the next smart TV, Fire TV Edition - Toshiba HD 2018 is available exclusively online at\xe2\x80\xa6 https://t.co/BeZGjXTX7X"""
b'Register for a webinar by @alexadevs on Sept 18 to learn how to shift from screen-first to voice-first design:\xe2\x80\xa6 https://t.co/nS1bDZdapx'
b'Two weeks to go until the next #AmazonAppsters meetup with @Mariuxtheone. Find out more about success stories of\xe2\x80\xa6 https://t.co/lTaiD1tB23'
b'Be sure to join the #GhostPop tournament at SIX @SeattleIndies. Pop the ghosts in your path to head deeper in the f\xe2\x80\xa6 https://t.co/tlaqtd3RyA'
"b""@sourabhsaxena21 Hello Sourabh, we're sorry you're experiencing an issue with your order, please provide your detai\xe2\x80\xa6 https://t.co/UXktCPA3QC"""
"b""Stop by @indieexchange if you're in Seattle to play some amazing indie games, and join our #AmazonGameOn GhostPop!\xe2\x80\xa6 https://t.co/rA5JMGDttx"""
b'Are you a #gamedev in Berlin looking to be part of an informative and relaxed meetup? Check out our next\xe2\x80\xa6 https://t.co/w104Av0G3U'
b'We are excited to welcome back @Mariuxtheone at our next #AmazonAppsters Berlin meetup. Join us and find out how to\xe2\x80\xa6 https://t.co/UB6HYMsPfJ'
"b'Save the date - next #AmazonAppsters Berlin meetup 18 Sep, focusing on Amazon #GameOn success stories. Check it out\xe2\x80\xa6 https://t.co/sZn9U50hER'"
"b'\xe2\x80\x9cAlexa, Play\xe2\x80\x9d\xe2\x96\xb6\xef\xb8\x8f \xe2\x80\x9cAlexa, Rewind\xe2\x80\x9d \xe2\x8f\xaa \xe2\x80\x9cAlexa, Stop\xe2\x80\x9d \xe2\x8f\xb9\xef\xb8\x8f #HandsFreeTV\nhttps://t.co/kHf0vGCNHb'"
"b'Meet Peter Sudarso, an actor who plays the Blue Ninja in the TV series \xe2\x80\x9cPower Rangers Ninja Steel\xe2\x80\x9d, the Red Ranger\xe2\x80\xa6 https://t.co/zug1OnRAdt'"
b'RT @GIBiz: How mobile can unlock esports for a casual audience https://t.co/XqaYBlOE7N nWay CEO Taehoon Kim on the success of Power Rangers\xe2\x80\xa6'
"b'Meet the players competing for $100,000 at the third edition of Mobile Master, powered by #AmazonGameOn  \xf0\x9f\x8f\x86 \xf0\x9f\xa4\xa9\nhttps://t.co/L02CaQDIVf'"
"b""Game audio can be complicated \xf0\x9f\x98\xb0 but don't be alarmed! we had award-winning composer @dannyBstyle break it all down\xe2\x80\xa6 https://t.co/Hv8cbPFWK0"""
b'Prepare for your next game jam with this free Game Jamming in Unity ebook by developer Christer Kaitila\xe2\x80\xa6 https://t.co/6c4k0QepWY'
b'Developer Nathan Ranney outlines how to set up a simple state machine in #GameMaker studio #gamedev #indiedev\nhttps://t.co/5QcsVLNN2y'
"b""Let's talk about everyone\xe2\x80\x99s favorite #indiedev effect: Screen Shake! #GameMaker #Gamedev\nhttps://t.co/F4HqS23Nks"""
b'Excited to meet San Francisco devs today at the #AmazonGameOn workshop! \xf0\x9f\x98\x8d https://t.co/8n8QumRBde'
b'RT @PascalClarysse: Cool panel about the future of #mobile #esports hosted by @AmazonAppDev. Thanks a lot @BenjaminGauthey for having me! #\xe2\x80\xa6'
b'3 tips to engage your players and build community #gamedev #indiedev\nhttps://t.co/3Qh9Gk4pcu'
b'Learn how you can use competition to drive engagement in your game with #AmazonGameOn in our upcoming workshop.\xe2\x80\xa6 https://t.co/gTFybRMlFI'
b'Eden Games reports a 20% increase in tournament retention with real-world prizes offered via #AmazonGameOn \xf0\x9f\x98\x8d\xf0\x9f\x8e\x81\nhttps://t.co/ojrvADLs8a'
b'@JerroTimo \xf0\x9f\x98\xa7'
"b'\xe2\x80\x9cAlexa, watch The Handmaid\xe2\x80\x99s Tale.\xe2\x80\x9d  \xf0\x9f\x94\x89\xf0\x9f\x93\xbahttps://t.co/nz5rnXPcSy'"
"b'RT @awscloud: Creator of @Fortnite, the multiplayer battle royale game that has become a global phenomenon, @EpicGames goes all-In on AWS!\xe2\x80\xa6'"
b'Sign up for #AmazonGameOn developer office hours. https://t.co/6sVz8WQCmk'
b'@H_Liau Are you still unable to use the app?'
"b""@H_Liau Some customers are experiencing difficulty shopping and we're working to resolve this issue quickly, thank you for your patience."""
b'RT @verge: Amazon\xe2\x80\x99s dock makes the Fire tablet a better Echo Show https://t.co/s1pvNsHxiP https://t.co/gybzYq6fnU'
"b'RT @Mariuxtheone: Hey indie devs at #developconf, if you have a good casual game and are thinking about adding a competitive element to it\xe2\x80\xa6'"
b'4 Tips for designing great 10-foot experiences. #FireTv \nhttps://t.co/XyDOppoo6K'
b'RT @Mariuxtheone: So happy to celebrate this great milestone for our @AmazonAppDev UK Meetup. We started less than 2 years ago with a few d\xe2\x80\xa6'
b'Calling all #SanFrancisco devs! Join Developer Evangelist Peter Heinrich on July 24 for a workshop on adding compet\xe2\x80\xa6 https://t.co/m3pBU1lNlv'
"b""RT @Mariuxtheone: Looking forward to the @AmazonAppDev meetup tonight! We'll be talking about how to add voice controls to Fire TV media st\xe2\x80\xa6"""
"b'RT @droidconBerlin: Come to the @AmazonAppDev booth, play with Alexa and join the raffle! Or check out:  https://t.co/hqkMywsUb7 #DCBERLIN1\xe2\x80\xa6'"
b'Interesting talk by @Mariuxtheone about implementing voice control on the #FireTV at #DCBERLIN18 https://t.co/AuXqXHBpCF'
"b'Day 3 - ready for another fun day at #DCBERLIN18! Check out our booth, don\xe2\x80\x99t miss out on @mariuxtheone workshop &amp; j\xe2\x80\xa6 https://t.co/nS7xetbYLH'"
"b""RT @TwitchDev: This week we are hitting Berlin \xf0\x9f\x87\xa9\xf0\x9f\x87\xaa (26 June) and Stockholm \xf0\x9f\x87\xb8\xf0\x9f\x87\xaa (28 June) for the #twitchdevtour\n\nWe can't wait to meet you in\xe2\x80\xa6"""
b'@chuchuva Absolutely! You can create a campaign here: https://t.co/iTnnBR9zF4'
"b'RT @Mariuxtheone: Come say hi at the @AmazonAppDev booth at #DCBERLIN18! Play with Fire TV, Amazon Echo and Fire Tablets! We have swag! And\xe2\x80\xa6'"
b'Are you attending #DCBERLIN18? Don\xe2\x80\x99t miss out on @mariuxtheone workshop about how you can use the #Android Media Se\xe2\x80\xa6 https://t.co/nQw1yzUbsB'
b'Had a great time at #DCBERLIN18 VIP Party -many thx to the organisers. Now we\xe2\x80\x99re ready to kick off day 2 - do you h\xe2\x80\xa6 https://t.co/yghEoaEbYi'
b'Let the fun begin - first day of #DCBERLIN18! Make sure you stop by our booth (Hall A) to say \xe2\x80\x98hi\xe2\x80\x99 and win some coo\xe2\x80\xa6 https://t.co/dSn7bspQGh'
"b""We're excited to announce that the Toshiba 4K Ultra HD - #FireTV Edition 2018, is now shipping in the US and Canada!\nhttps://t.co/v9UqjeRG7D"""
b'Check your doorsteps!\xc2\xa0Amazon Fire TV Cube\xc2\xa0is now shipping in the United States. #HandsFreeTV \nhttps://t.co/fK6t7Zwlcb'
b'@RatCasket @CoderScum @jessefreeman They are! \xf0\x9f\x98\x81 want some?'
b'Tune in on June 23rd &amp; 24th to watch the first ever #AmazonGameOn qualified players showcase their skills &amp; compete\xe2\x80\xa6 https://t.co/ygv38YZs8j'
b'RT @CoderScum: #MidsummerJam has started! \nThanks to @AmazonAppDev for the design notebooks. \nGame design: completed \xe2\x9c\x94\xef\xb8\x8f https://t.co/vJz5Mb\xe2\x80\xa6'
"b""@CoderScum You're welcome! Good luck and happy jamming. \xf0\x9f\x98\x81 https://t.co/GK8cx5eSgS"""
b'Amazon GameOn rolls out #AWS integrated billing.\nhttps://t.co/0nvqQzkD9R'
b'Learn how to set up a basic combo system in a new #GameMaker basics tutorial by @RatCasket\n#gamedev #indiedev \nhttps://t.co/TgDxsauZxH'
"b'\xe2\x80\x9cAlexa, watch ESPN on #Hulu.\xe2\x80\x9d  \xf0\x9f\x94\x89\xf0\x9f\x93\xba\nhttps://t.co/nz5rnY6NK6'"
b'RT @AmazonGameTech: Word Fiend integrated #AmazonGameOn to easily run tournaments with real-world prizes each weekend and increased ARPPU b\xe2\x80\xa6'
b'Be sure to join the #GhostPop tournament before the battery runs out on your chance to win in the first\xe2\x80\xa6 https://t.co/UBDkD0WkJM'
b'6 best practices for adding competitions to your games. #gamedev #indiedev \nhttps://t.co/l4UwB8R73l'
b'Amazon Appstore developers can now download sales reports programmatically through the Sales Reporting API. https://t.co/GAPHSpSBdn'
b'Do you want to find out more on how you can use the #Android Media Session #API to enable voice control on media st\xe2\x80\xa6 https://t.co/vnyTrH9qam'
"b""Power practical lights up #GhostPop in GameOn's first sponsored tournament! Pop enough ghosts and travel further th\xe2\x80\xa6 https://t.co/KsaMZQ4VYT"""
"b'RT @laurencorene: Gameplay of @PlaySideStudios #GhostPop @PowerPractical tournament, powered by #AmazonGameOn \xf0\x9f\x91\xbb\xf0\x9f\x94\xa6\n\nChance to win a #Sparkr a\xe2\x80\xa6'"
"b""Case Study: Mindstorm Increases Word Fiend's ARPPU by 500% with GameOn #gamedev \nhttps://t.co/TLVGAFCvcS"""
"b'Starting today through June 16,\xc2\xa0Ghost Pop!\xc2\xa0is running a custom GameOn tournament. Download it\xc2\xa0on iOS or Android to\xe2\x80\xa6 https://t.co/UexOLeD5L9'"
"b'@CliftonB Hey Clifton, thank you for your feedback. You can contact us any time using the contact us form\xe2\x80\xa6 https://t.co/hBHmJBLcrd'"
b'Learn how #Hulu is using the #Alexa Skills Kit and\xc2\xa0Video Skill API\xc2\xa0to deliver a voice-centric living room experienc\xe2\x80\xa6 https://t.co/EM5CRmBxwO'
b'#HandsFreeTV is here! \nhttps://t.co/t8xg0xO3L6'
b'Introducing the all-new Amazon Fire TV Cube. Create voice-forward experiences for your customers:\xe2\x80\xa6 https://t.co/jwxhhbOPVC'
"b'Whether you want to draw rocks or a giant robot, this post will help you improve and polish your art. #gameart\xe2\x80\xa6 https://t.co/rPtydYtRmc'"
b'RT @KenneyNL: My latest @AmazonAppDev article shows you dozens of tricks to quickly improve your basic art! #gamedev #gameassets \n\nhttps://\xe2\x80\xa6'
b'RT @AmazonAppsUK: The countdown to Mobile Masters has begun! In 22 days the best players battle it out for a share of $100K. Follow our Twi\xe2\x80\xa6'
"b'To help marketers understand the issue of mobile ad install fraud, we talked to\xc2\xa0Scalarr, a fraud prevention company\xe2\x80\xa6 https://t.co/ZBsmOsWfjC'"
b'Where do we find the rhythm?\xc2\xa0Composer Danny Baranowsky shares insights from Crypt of the Necrodancer. #gameaudio\xe2\x80\xa6 https://t.co/iousX2iyJO'
"b""@_xdrop Hi xdrop, what are the pages you're trying to view?"""
"b'@_xdrop Hey xdrop, thank you for reaching out, our team is currently investigating. We appreciate your patience whi\xe2\x80\xa6 https://t.co/pt7MM3Ti4L'"
"b'@tompoole22 @mikehall314 Hi Tom, thank you for reporting the issue, our team is investigating and will get back to you.'"
b'The Toshiba 4K Ultra HD - #FireTV Edition 2018 is available for pre-order! \nhttps://t.co/v9UqjeA4J3'
"b'@mikehall314 Hello Mike, the page is up and running, are you still experincing this problem? Please try clearing yo\xe2\x80\xa6 https://t.co/bjzx4NVkwE'"
"b'Are you interested in attending @droidconBerlin? Great news, we\xe2\x80\x99ve managed to secure a 10% community discount code.\xe2\x80\xa6 https://t.co/SRd69wUjaq'"
"b""We've added new reporting metrics to the Amazon #GameOn console! #gamede #indiedev \nhttps://t.co/a6LxfFthqS"""
b'New eBook \xe2\x80\x93 Behind the Scenes: Lessons Learned from the Making of Missile Cards by Nathan Meunier @nmeunier\xe2\x80\xa6 https://t.co/aKcdlVveKO'
b'Publish your app to Amazon #FireTV without touching a line of code with Amazon Creator! \nhttps://t.co/VZ67mqEY2z'
"b""RT @dannyBstyle: I wrote another blog for @amazonappstore! It's about the rhythm of gameplay and has shoutouts to @ThumperGame @refractstud\xe2\x80\xa6"""
"b'Craft your first GameOn API calls with\xc2\xa0Postman, a tool for developing and testing APIs. \nhttps://t.co/FTlu2fV5PP'"
b'New #GameMaker basics tutorial: Simple enemy AI. #gamedev\nhttps://t.co/HqUOBd5pyJ'
b'A guide to sprites and models basics for non-artists! #gamedev\nhttps://t.co/5zZMXbUM9C'
"b'""Keep Things Epic!"" and other valuable insights by @dannyBstyle on applying music to your game!\n\xc2\xa0https://t.co/ZnC8tgM7Je'"
b'Very excited to be supporting @droidconBerlin! Don\xe2\x80\x99t miss @mariuxtheone workshop and stop by our booth to say \xe2\x80\x98hi\xe2\x80\x99\xe2\x80\xa6 https://t.co/DQEpGyFk7x'
"b""Amazon #GameOn developers share how they've been using competition in their games to create a compelling experience\xe2\x80\xa6 https://t.co/xNswtX5RwF"""
b'Meeting fan expectations can be a challenge\xc2\xa0when games are utilizing popular IPs.  #gamedev #indiedev\nhttps://t.co/PCK8cq2Ksg'
b'Learn how to write your own timers in this new #GameMaker basics tutorial. #gamedev\nhttps://t.co/ImEAI20EmK'
"b""RT @postmanclient: Don't miss this @AmazonAppDev webinar today at 10:00am PT: Exploring the Standard Security GameOn API with Postman: http\xe2\x80\xa6"""
"b'Learn how to craft your first GameOn API calls with Postman, a tool for developing and testing APIs. #gamedev \nhttps://t.co/FTlu2fV5PP'"
"b'Marja Koopmans, Director Mobile Esports at Amazon, discusses the future of gaming beyond traditional esports.\xe2\x80\xa6 https://t.co/mFXko4neaZ'"
"b'@Kee43 Hey Kieran, please post the error in our developer forums or use the contact us form to create a case with s\xe2\x80\xa6 https://t.co/lzkCzkNiuo'"
b'New eBook \xe2\x80\x93 Behind the Scenes: Lessons Learned from the Making of Missile Cards by Nathan Meunier #gamedev\nhttps://t.co/sVpOu2amTz'
b'We released a new security update to Amazon #GameOn that provides both a standard and an advanced security model.\xe2\x80\xa6 https://t.co/5KgbNGIeVn'
"b""We're bringing back Mobile Masters, Powered by Amazon #GameOn! Join the qualifiers to compete for a $100,000 prize\xe2\x80\xa6 https://t.co/NRLynZYDUb"""
b'Sign up for our free webinar and learn how to test the GameOn API using @postmanclient Postman API development envi\xe2\x80\xa6 https://t.co/1ibHWr55EG'
b'Leverage the \xe2\x80\x9cRecommended by Your Apps\xe2\x80\x9d row on Fire TV to keep users highly engaged with your content.\xf0\x9f\x93\xba\nhttps://t.co/BapBAp8AFS'
"b'Congrats to our raffle winners, enjoy your #FireStick! #mtm18 #TVApp #AppDev https://t.co/i9wfwVRBl5'"
b'Interesting talk by Stefan Kaltenberger at #mtm18. Thank you all for joining us! #TVapps #AppDev #android https://t.co/EK6TOF73Bx'
b'Very excited to be part of #mtm18 again! Stop by our booth to say \xe2\x80\x98hi\xe2\x80\x99 and win a #FireStick. #AndroidDev #appdev\xe2\x80\xa6 https://t.co/y251knkPAI'
b'An Introduction to Low-Poly and Flat Design by @KenneyNL \xf0\x9f\x95\xb9\xef\xb8\x8f #gamedev #gameart \nhttps://t.co/vdz4M1jblE'
"b'RT @KenneyNL: Check out my second article for @AmazonAppDev; ""An Intro to Low-Poly and Flat Design"". It\'s a good few minute read if you\'re\xe2\x80\xa6'"
b'Thanks @peterdotgames for a great insight into #GameOn! #Androidgames #IndieGameDev #gamedev https://t.co/p62xJAVGf2'
b'Getting ready to kick off #AmazonAppsters Munich #GameOn meetup with @peterdotgames. Thanks for joining us! https://t.co/7oAiBTPACn'
"b'Learn how to test the GameOn API using Postman @postmanclient, sign up for our free webinar today! #gamedev \nhttps://t.co/SrVOdLklqa'"
"b'@Devanshu1110 Hey Devanshu, the Android emulator is the best option. It\xe2\x80\x99s configurable to match individual hardware\xe2\x80\xa6 https://t.co/Y5IaoN88vG'"
b'We\xe2\x80\x99re looking forward to welcoming you at the #AmazonAppsters Berlin #GameOn meetup! See you in a bit. #indiegames\xe2\x80\xa6 https://t.co/3J6ltD8iaM'
b'See you tomorrow for the next #AmazonAppsters Munich Meetup with @peterdotgames - it\xe2\x80\x99s all about Amazon #GameOn\xe2\x80\xa6 https://t.co/XkcNpB5SLr'
"b'@majesticAsFk Hey Dave, are you able to update the date range in your sales reports dashboard?'"
b'Our very own Mario Viviani will be speaking at Develop:Brighton 2018. Look out for him at the Evolve track\xe2\x80\xa6 https://t.co/oZmaHa8v3x'
b'Have you RSVPed yet? Join us tomorrow for the #AmazonAppsters Berlin Meetup with @peterdotgames and find out more a\xe2\x80\xa6 https://t.co/2CGkQwH4Sb'
b'How to Choose a Framework When Building for Amazon #FireTV\nhttps://t.co/b9ukt06c2F'
b'Our new ebook explores #esports and competitive mobile gaming. Download your free copy today! https://t.co/kzYaS8UQsL\n#gamedev #indiedev'
"b'Beginning this summer, Best Buy will launch more than ten 4K and HD Fire TV Edition models from Toshiba and Insigni\xe2\x80\xa6 https://t.co/XaYqgF6RVy'"
b'@TinyByteApps Thank you for your patience! Your inquiry has been forwarded to the appropriate team for further assi\xe2\x80\xa6 https://t.co/I9zhksNaUq'
"b'RT @Mariuxtheone: Join me at my talk on Thursday at #droidconit on Developing Apps for TV! Will be giving out prizes to attendees, raffling\xe2\x80\xa6'"
b'See you at the next #AmazonAppsters Munich #GameOn Meetup with @peterdotgames. One week to go - book your place her\xe2\x80\xa6 https://t.co/JXrwpew880'
"b""@phongenix You're welcome! \xf0\x9f\x98\x81"""
b'Understanding the Amazon GameOn API Keys. #gamedev\n https://t.co/Xwjl6OHFAC'
"b'@ujellym8 Hi James, Each app submitted must go through the submission workflow, for more information please visit https://t.co/Gw76rDjS19'"
b'Creating a Cohesive Musical Narrative for Your Game \xf0\x9f\x8e\xbc\nhttps://t.co/FThmHG51tr\n#gamedev #gamemusic'
b'One week to go #AmazonAppsters Berlin #GameOn Meetup with @peterdotgames 24/04. RSVP now https://t.co/gD5GBgehut\xe2\x80\xa6 https://t.co/swdtwhw7x2'
"b""@TinyByteApps I'm sorry you haven't heard back yet, please send us your case number and we'll do our best to help!"""
b'86 games submitted in Nordic Game Jam 2018! Try them all! #NGJ18 https://t.co/UMYMCvxSeB'
"b""@DavidScreative @Mariuxtheone That's awesome, David! @Game_Insight will be happy to hear that! \xf0\x9f\x8e\xae https://t.co/1lN4CcWXuW"""
b'RT @AVGLofficial: Come to @BeachconLAN today and join the Turn Right mobile tournament taking place all weekend. Just tap &amp; turn right and\xe2\x80\xa6'
"b""Ready for #NGJ18? Don't forget to pick up your copy of the Game design notebook! Extra points for integrating\xe2\x80\xa6 https://t.co/Hj0wVmaaN6"""
"b'Find out more about #AmazonAppstore &amp; #FireTV TALK TBC from Stefan Kaltenberger, 26 April TIME at #MTM18\xe2\x80\xa6 https://t.co/uY7HBy6uvH'"
b'RT @jessefreeman: Excited to be talking at @NordicGameJam today! Working on some new slides that incorporate using my #GameDesignBook to ma\xe2\x80\xa6'
b'RT @DavidScreative: Thank you for the very cool Amazon GameOn shirt \xf0\x9f\x91\x8d\xf0\x9f\x91\x8d\xf0\x9f\x91\x8d #GameOn @AmazonAppDev @Mariuxtheone #AmazonAppDev https://t.co/oYuH\xe2\x80\xa6'
"b'Calling all #gamedev - have you heard about Amazon #GameOn, the new cross-platform competitive gaming service for d\xe2\x80\xa6 https://t.co/9CcOV8qKl3'"
"b""RT @Mariuxtheone: Excited for the return of our @AmazonAppDev Meetup tomorrow in London! We'll be introducing Amazon GameOn for the first t\xe2\x80\xa6"""
"b""We're in the process of revamping the app submission experience on our developer portal. check out the latest chang\xe2\x80\xa6 https://t.co/EQ6TtFpagH"""
b'Interested in finding out more about Amazon #GameOn? Come along to the next #AmazonAppsters Meetup and hear directl\xe2\x80\xa6 https://t.co/oBagS0CmuC'
b'Visit our booth at #PAXEast2018 to learn more about Amazon GameOn!\nhttps://t.co/kYdEjLA9Sj'
b'Ready to win? Stop by the Amazon GameOn booth and join the tournaments at #PAXEast2018! \xf0\x9f\x8e\xae https://t.co/bdZvpxtHcb'
"b'RT @MokuniGames: We are showing Ostrich Among Us at #PAXEast under Amazon #GameOn booth, go top the leaderboard and win some prizes! @Amazo\xe2\x80\xa6'"
b'RT @MokuniGames: The game is on! Can you beat the current high score? #OstrichGame #paxeast @AmazonAppDev @amazonappstore https://t.co/ZihI\xe2\x80\xa6'
"b""We're very excited to be part of #Hgc2018. Make sure you stop by our both to have a chat and take part in our raffl\xe2\x80\xa6 https://t.co/McuqHKW0i6"""
"b""@vampHIGHERqueen Hello Lane, we're here to help! Are you inquiring about a contact us case? if so, please DM your c\xe2\x80\xa6 https://t.co/6d5qa0J3H4"""
b'Remember to visit us at #HamburgGamesConference and have a chance to win a prize. https://t.co/l4cNCaRqoa\xe2\x80\xa6 https://t.co/Zas4LEElxu'
b'Very pleased to be part of #MTM18! Don\xe2\x80\x99t miss the keynote from Stefan Kaltenberger. We\xe2\x80\x99ve got some great prizes so\xe2\x80\xa6 https://t.co/0SsawHLlZ4'
b'Amazon developer day sessions are now available for free in the GDC Vault! https://t.co/a193uPRdCJ\n#GDC18 https://t.co/q0TlgiZVpZ'
"b'@rueckzwerg Thanks for bringing it to our attention, Tristan!'"
b'Engage players and create stronger communities through competition with Amazon #GameOn! Sign up for our webinar to\xe2\x80\xa6 https://t.co/bsN36ZQNT7'
"b""@WhitishJ That Echo is sweet! Let's see if the team over at @alexadevs can help with the hoodie! https://t.co/IOBQk6u4d9"""
b'RT @laurencorene: Less than an hour left to beat the top score of 16481 in #TummySlide at @Official_GDC! Stop by Moscone West 3rd Floor! ht\xe2\x80\xa6'
"b'Good morning #GDC2018! Our #GameOn tournaments are starting now through 5pm: Beach Buggy Racing 2, Summit Solitaire\xe2\x80\xa6 https://t.co/cTE9sRwksE'"
b'Find out more about Amazon #GameOn at the next #AmazonAppsters meetups 24 April Berlin https://t.co/gD5GBgehut &amp; 25\xe2\x80\xa6 https://t.co/ELD6JLQd3m'
b'Downtime between #GDC2018 sessions? Come by the #AmazonAtGDC booth to see if you can beat the Beach Buggy 2 high score.'
b'Tick tock! 30mins left to win the @SurvivalArenatournament today at the #GameOn lounge on the 3rd floor Moscone Wes\xe2\x80\xa6 https://t.co/2qU6NrmFdP'
b'Downtime between #GDC2018 sessions? Stop by the #GameOn lounge on 3rd floor Moscone West and beat the Tummy Slide h\xe2\x80\xa6 https://t.co/bG0XW2O9NU'
b'Stop by and say hi! #GDC2018 #AmazonAtGDC https://t.co/QNfrTvu2al'
"b'RT @AWSonAir: What would an extension look like for your game? We want to hear your ideas, questions &amp; feedback! Visit https://t.co/2yJyg2R\xe2\x80\xa6'"
"b'RT @AWSonAir: ""People love customizing, identifying and being present in games."" - TL Tylor speaking about game hooks #AmazonatGDC https://\xe2\x80\xa6'"
"b""RT @AWSonAir: What does it mean for your company or product of you're not in on the next evolution of gaming? #AmazonatGDC https://t.co/0Vt\xe2\x80\xa6"""
"b""@ShaunPeoples You're welcome!"""
"b'Join JT Gleason, Director of Integrations at @Twitch as he takes you on a journey through the design space opened u\xe2\x80\xa6 https://t.co/oZCARZkaWV'"
"b'And we have our first winner for today. Congratulations, Tyler! \nJoin us to play and win at the Amazon #GameOn loun\xe2\x80\xa6 https://t.co/iPm8gbj9Nv'"
b'Learn how game developers can use competition in their games to increase retention and build stronger communities.\xe2\x80\xa6 https://t.co/hYEUKLsQIw'
b'RT @AmazonGameTech: Games are like onions. The mechanics are the core gameplay and the additives like spectator mode and streaming are the\xe2\x80\xa6'
"b'Join speakers from Lionsgate, GameInsight, nWay and Eden Games to discuss current trends in competitive mobile gami\xe2\x80\xa6 https://t.co/zhf1srWRqb'"
"b""Missed the Amazon #GameOn tech session at #GDC18? Don't worry. Sign up for our free webinar and learn how to integr\xe2\x80\xa6 https://t.co/jHjVLQxfNw"""
"b'With Amazon #GameOn, you can integrate leaderboards, leagues, multi-round tournaments, and user-generated competiti\xe2\x80\xa6 https://t.co/BAz7611mDZ'"
b'RT @Sherman77: Join me today on Amazon eSports panel (1.20 pm PST) at GDC to discuss competitive gaming and more.... https://t.co/jgTtuz6axj'
b'Bring the joy of competitive gaming to everyone with Amazon GameOn! #GDC18 #GDC2018 \nhttps://t.co/8IWK2wX5bq'
b'RT @AmazonGameTech: .GameOn lootbox to open on highest scoring Player @ GDC Keynote. https://t.co/yVpJkVejEe'
"b""@billhung @amazon You're welcome, Bill! Glad you enjoyed the session! \xf0\x9f\x98\x81"""
"b'RT @gamasutra: Amazon debuts GameOn, a new cross-platform competitive game platform:\nhttps://t.co/I9pktQiLRu'"
"b""RT @GIBiz: Amazon's new GameOn tech enables devs to offer real-world prizes in games https://t.co/m3M7YCoyp1 https://t.co/MyRLfD7eBI"""
"b'Want to add competitive play into your game? Join our tech session, hosted by @peterdotgames and learn how to integ\xe2\x80\xa6 https://t.co/BEcDaRUFD2'"
"b'Amazon #GameOn is the first step in the journey toward bringing competitive play to all players, all platforms, and\xe2\x80\xa6 https://t.co/LLL5DylHDj'"
"b""RT @AmazonGameTech: The Amazon #GameOn API let's you create competitions without touching a line of code. #amazonatgdc https://t.co/9lsGJro\xe2\x80\xa6"""
"b'So excited to announce Amazon #GameOn, a new cross-platform competitive gaming service. Drive engagement with in-ga\xe2\x80\xa6 https://t.co/iBEGsEdsrD'"
"b'So excited to announce #GameOn, a new cross-platform competitive gaming service. Drive engagement with in-game comp\xe2\x80\xa6 https://t.co/smyMtFOBea'"
"b'Head to the Amazon Keynote in room 3014, Moscone West, to hear from Marja Koopmans, Director of Competitive Gaming\xe2\x80\xa6 https://t.co/I1ORGge5jB'"
"b'RT @geekwire: Amazon GameOn cloud service enables in-game competitions, with prizes fulfilled by the tech giant https://t.co/xzkoAihvd6'"
b'RT @TechCrunch: Amazon\xe2\x80\x99s new GameOn API helps developers add eSports competitions to their games by @grg https://t.co/Sdiv3bmWL2 https://t.\xe2\x80\xa6'
b'Really pleased to be part of #HamburgGamesConference 05 Apr. #indiegame #gamedev https://t.co/l4cNCaRqoa https://t.co/3opGmxEbLg'
"b'RT @bzh314: Boink Zoink Hoink, our cartoon strategy puzzle game, is now in the @AmazonAppstore!\n\nPlay it now on your Amazon Fire Device and\xe2\x80\xa6'"
"b""The number of #esports enthusiasts worldwide will reach 165 million in 2018! Download the fourth edition of Newzoo'\xe2\x80\xa6 https://t.co/9jvoTSNqbX"""
b'RT @AmznLumberyard: Are you going to GDC 2018?  We are! Take a look at our new GDC website and see all the products that Amazon will have o\xe2\x80\xa6'
"b'@goobliata Hey Trend, thanks for bringing it to our attention! Can you please share a screenshot?'"
b'RT @GMMeetup: Another successful #gmmeetup! Thank you to @AmazonAppDev for hosting us! #indieselfie @Kid_Desimo &amp; @ThisIsEllian https://t.c\xe2\x80\xa6'
b'This guide is designed to help developers navigate available resources for developing high-quality media streaming\xe2\x80\xa6 https://t.co/GtiTZe2pDK'
b'Join us at #GDC18 for a week full of new and exciting content! \nhttps://t.co/WDj5k3q6ft'
"b'Interested in #IAP on #GameMakerStudio2 then join us, @GMMeetup &amp; @Mariuxtheone on 27/02 LDN\xe2\x80\xa6 https://t.co/I6I0woA4dN'"
b'@ThisIsEllian @Jupiter_Hadley @CSR_Studios @GMMeetup  https://t.co/ZKP7WaKieS'
"b'@ThisIsEllian @GMMeetup Looking forward to your talk, Ellian! \xf0\x9f\x98\x8d'"
"b""RT @ThisIsEllian: Hi! In exactly one week, I'll be giving a talk called Working with Artists in London for the Unofficial GameMaker Meetup!\xe2\x80\xa6"""
b'@HJ_6546156 @alexadevs Please keep us posted! \xf0\x9f\x8e\x81'
"b""@HJ_6546156 We're so sorry to hear that, Henry! Perhaps the team at @alexadevs can help?"""
b'Sign up for our #webinar to learn more about the growth of eSports and competitive gaming best practices. \nhttps://t.co/TbVRIlKF4V'
"b'@CliftonB Sorry about that, Clifton \xf0\x9f\x99\x87\xe2\x80\x8d\xe2\x99\x80\xef\xb8\x8f Please let us know how we can help.'"
"b'@silva_ruancarlo Thanks, Runacrlo! check out more Gamemaker content from @RatCasket on the Amazon Appstore develope\xe2\x80\xa6 https://t.co/Z0iSOpk2Fy'"
"b'Interested in learning how to work with artists? Join @mariuxtheone, @GMMeetup &amp; @ThisIsEllian on 27/02 LDN\xe2\x80\xa6 https://t.co/gdcNm0FoGs'"
"b'@kpwxx Hey Kim, you can use the Amazon Appstore standalone app to share links and downloads apps on your mobile dev\xe2\x80\xa6 https://t.co/jJpB2jCjA4'"
b'Join us and @GMMeetup for a joint meetup on #GameMakerStudio2 LDN 27/02 https://t.co/DOQM85owwz  #indiegame\xe2\x80\xa6 https://t.co/hH0GUJBF41'
"b'@sbhomra Hey Surinder, the team at @alexadevs can help answer your question.'"
b'Nathan Ranney is back with another #Gamemaker basics tutorial about parenting and inheritance. #gamedev #indedev \nhttps://t.co/FUlJIpurYJ'
b'@mcarter250 Anytime! \xf0\x9f\x98\x81'
b'Great insight into how to add In-App Purchase (IAP) to your Android Apps in just a few minutes from @mariuxtheone\xe2\x80\xa6 https://t.co/52rABONSls'
"b'@mcarter250 Hey Mark, we are currently testing this feature through a limited, invitation-only pilot program. Pleas\xe2\x80\xa6 https://t.co/loLf9lllGH'"
b'Looking forward to welcome you to #AmazonAppsters Munich Meetup @BurdaBootcamp tonight. See you in a bit! #indiedev\xe2\x80\xa6 https://t.co/Jnx6VjMYZS'
b'A big thx to @burdabootcamp for hosting our next #AmazonAppsters Munich Meetup! Join us for a hands on coding sessi\xe2\x80\xa6 https://t.co/ztUIwx2alh'
b'Everything you need to know about how to add In-App Purchase (IAP) to your Android Apps in just a few minutes by\xe2\x80\xa6 https://t.co/yFYLUfNIOu'
b'Super excited to welcome you to #AmazonAppsters Berlin Meetup @theplaceberlin tonight. See you in a bit! #indiedev\xe2\x80\xa6 https://t.co/w9igP9IQbL'
b'RT @gamesweekberlin: Want to learn how to add In-App Purchase (IAP) to an Android App? Join the free hands-on coding workshop from @AmazonA\xe2\x80\xa6'
"b""@common_senses_ I'm sorry you haven't been able to receive payment information. While we can't address specific pay\xe2\x80\xa6 https://t.co/y1yl69NuLK"""
b'Happy to be back at @theplaceberlin for the next #AmazonAppsters Berlin  meetup. Join @mariuxtheone for a hands-on\xe2\x80\xa6 https://t.co/kBDspSq74E'
b'Excited to welcome you to the first 2018 #AmazonAppsters Berlin Meetup. Join @mariuxtheone and learn how to add\xe2\x80\xa6 https://t.co/dXQfXhtnmd'
b'One week to go - see you @burdabootcamp for a hands-on session on how to add #IAP to your #AndroidApp with\xe2\x80\xa6 https://t.co/R6belDCmJV'
b'Hurry only a few places left for our #IAP workshop 30/01 LDN https://t.co/mg1PA1k8wv #mobiledev #gamedev https://t.co/dzEwuuEijc'
"b""Thank you all for participating in #GGJ18! \xf0\x9f\x8e\x8a Can't wait to play all the games! \xf0\x9f\x8e\xae https://t.co/iOOPrGI5oM"""
b'RT @globalgamejam: Is the mobile game you made at GGJ amazing and you want the world to know? Get your game featured on the front page of t\xe2\x80\xa6'
b'Happy jamming everyone! #GGJ18 #GGJ2018 https://t.co/zqA2PwzOuz'
"b'@Corbinq27 Thanks for bringing it to our attention, Corbin. @alexadevs'"
"b""Only a few hours to go until #GGJ2018! Don't miss the opportunity to show off your hard work https://t.co/7CUfgfFT6R"""
b'Don\xe2\x80\x99t miss out on the next hands-on workshops on #IAP with @mariuxtheone. RSVP now Berlin https://t.co/rZwf1tN5vL &amp;\xe2\x80\xa6 https://t.co/UY0skfLp3q'
"b""@ProperBritish92 Hey Daniel, please use the contact us form to start a ticket with support and they'll be able to h\xe2\x80\xa6 https://t.co/faicDLpYCo"""
b'Interested in learning how to add #IAP to your Android Apps? Join us for a hands-on workshop 30/01 LDN\xe2\x80\xa6 https://t.co/uMZsticM7x'
b'Get ready for #GGJ18 with our new Game Jamming in Unity guide! #UnityTips #gamedev \nhttps://t.co/oDGgf0lYTB'
b'RT @Mariuxtheone: Designing/Developing a new game for mobile and want some suggestion about how to supercharge your game monetisation or wa\xe2\x80\xa6'
"b""@common_senses_ We're sorry you haven't heard back yet. Please DM your most recent ticket number and we will do our best to help."""
b'Save the date - next #AmazonAppsters meetups 6 Feb Berlin https://t.co/rZwf1tN5vL &amp; 8 Feb Munich\xe2\x80\xa6 https://t.co/ISlnWzRb26'
"b'RT @Mariuxtheone: The @AmazonAppDev UK Meetups are back! Join me on Tue Jan 30th at the Amazon HQ in Shoreditch, London for an evening of A\xe2\x80\xa6'"
b'Join us for our first Meetup in 2018 on 30/01 LDN. Hands-on coding workshop on #IAP with @Mariuxtheone\xe2\x80\xa6 https://t.co/eqlYZz6Fke'
b'Sign up for our #webinar to learn about the benefits of Catalog Integration with Amazon #FireTV.\xe2\x80\xa6 https://t.co/oi3EeVh2NG'
b'Learn how to set up screen shake effect in our latest #gamemaker tutorial.\n#gamedev #indiedev \nhttps://t.co/L8Iznb3YP7'
b'7 basic steps to port your Unity game to the Amazon Appstore. #gamedev #UnityTips \nhttps://t.co/ypWdCA3Fvn'
b'@dmarvp We apologize for the delay! Perhaps @TheDaveDev or @alexadevs can help?'
"b'@dmarvp Hi Diego, please post your question on the Alexa forum and our team will be able to help! https://t.co/JZatNIp8CZ'"
b'Create streamlined TV app registration &amp; login experiences using Login with Amazon.  \nhttps://t.co/RJuCN5Ug08'
b'RT @globalgamejam: We are psyched to welcome @amazonappstore as a headline sponsor for #ggj18 with exclusive offers for jammer on new excit\xe2\x80\xa6'
"b'@michaelkammes We apologise for the delay, Amazon Appstore evangelist @Mariuxtheone can help answer your question d\xe2\x80\xa6 https://t.co/4mi40En0ph'"
b'Setting up Input Replay System in #GameMaker Studio 2.\nhttps://t.co/OhPPfSVeAr'
"b'@michaelkammes Hi Michael, the best place would be our FireTV developer forums. https://t.co/NJKJWTGcsi'"
b'RT @RatCasket: i put together a list of all of the GameMaker tutorials ive written for Amazon. check it out. @yoyogames #gamedev https://t.\xe2\x80\xa6'
"b""30% of Americans say they'd rather clean the bathroom than solve a math problem! \xf0\x9f\x98\xae\nhttps://t.co/g8sXqWqGkT"""
"b""@1HaKr We're following up on your most recent ticket with support. Thank you for your patience."""
"b'@tactics360 Thanks for bringing this to our attention, Brandon.'"
"b""@1HaKr Hello Hari, we're sorry to hear that. \xf0\x9f\x99\x81 Please refer to the email from our support team regarding your app,\xe2\x80\xa6 https://t.co/uJhG6eFwk1"""
"b'@fyyd_de Hi Fyyd, the team at @alexadevs can help answer your question.'"
"b'Starting with #Android 6, users can grant or revoke certain permissions to apps while they are running. #FireTV\nhttps://t.co/a4AJkIllYp'"
"b'Congrats to our raffle winner, Michael Max. Enjoy your #Firestick. #AmazonAppsters https://t.co/4fa8RvwGKX'"
b'Great to see so many of you in Munich at our #AmazonAppsters Christmas Social. #mobiledev #android #indiedev https://t.co/UkClXALr7T'
"b'@odellconnie Hey Connie, perhaps @alexadevs can help us answer your question.'"
b'Really excited to welcome you to the Amazon Appsters Christmas Social. See you soon #indiedev #appdev https://t.co/9tfgv4HzyK'
b'Learn the basics of Object Orchestration in #GameMaker #gamedev https://t.co/YCvr7GqGa0'
"b'RT @RatCasket: heres another one for you. this time its about object orchestration, or, controlling objects from inside of another object.\xe2\x80\xa6'"
"b""@Punisherx6 @YoYoGames here's the correct link https://t.co/YCvr7GqGa0"""
"b'Have you heard? Tomorrow we are celebrating. See you at The Flushing Meadows - food, drinks and loads of fun.\xe2\x80\xa6 https://t.co/u0DK4UcFfD'"
b'5 Tips and best practices for platformer level design. #gamedev \nhttps://t.co/p1wz0yzVvJ'
"b'In this #webinar, you will learn practical tips for successful selling in-app, based on Amazon Appstore\xe2\x80\x99s extensive\xe2\x80\xa6 https://t.co/VXO3l9SW8s'"
"b'@Nougat_Player Hello, for information on data reporting please create a ticket with support using the contact us fo\xe2\x80\xa6 https://t.co/yT13XrSNu5'"
"b""@THEclubby @amazon Hello Tobias, I'm sorry you're experiencing difficulties with support for your Alexa skill. Plea\xe2\x80\xa6 https://t.co/MpoKghMr9S"""
b'Fire 7 and Fire HD 8 Tablets are now available in Canada! \xf0\x9f\x87\xa8\xf0\x9f\x87\xa6 https://t.co/JaO2zNkzwo'
"b'Look forward to seeing you at our Xmas Happy Hour 11/12 LDN. Food and drinks, ping-pong, networking and prizes!\xe2\x80\xa6 https://t.co/cyNNv6JIeI'"
b'Super excited - one week to go until our Christmas Social in Munich. RSVP here  #indiegame #appdev #mobiledev\xe2\x80\xa6 https://t.co/4lBJuqwdCG'
b'RT @minilabstudios: A huge thank you to @AmazonAppDev for visiting us in the studio and speaking to us about our journey so far - it was an\xe2\x80\xa6'
b'Kids and entertainment developer @Yippee_Ent shares how they sucessfully brought their Chimpact brand of games to A\xe2\x80\xa6 https://t.co/YbCzUHVNG7'
b'Learn how award-winning @minilabstudios leveraged Amazon Appstore audience knowledge to boost sales &amp; downloads\xe2\x80\xa6 https://t.co/KE0S6tT17U'
b'Thanks for growing #AmazonAppsters Meetup to 1600+ members! Celebrate with us at the Xmas Happy Hour on the 11/12 L\xe2\x80\xa6 https://t.co/dZcxnCfcXt'
b'#AmazonAppsters Christmas Social - Munich 14/12 @ The Flushing Meadows. Who\xe2\x80\x99s in? #indiedev #mobiledev\xe2\x80\xa6 https://t.co/YfjLCJAfD7'
b'Congratulations to all the winners of the US #AmazonDevSpotlight winners! @glhfbiz @tapinator @BeerMoneyGames\xe2\x80\xa6 https://t.co/LNS808lw7M'
"b'Excited to invite you to our Amazon Appstore UK Christmas Happy Hour - London, 11/12. Food, drinks, fun &amp; chats wit\xe2\x80\xa6 https://t.co/TYzWZWClyJ'"
b'And congrats all DE #AmazonDevSpotlight winners #Appdevs #gamedevs #android Check them out https://t.co/2BNfmP2iej\xe2\x80\xa6 https://t.co/FEuFFhmdx2'
b'Congrats all UK #AmazonDevSpotlight winners #Appdevs #gamedevs #android Check them out https://t.co/2BNfmP2iej\xe2\x80\xa6 https://t.co/qhuyLIiYft'
b'Views in #Gamemaker can be tricky! #gamedev \nhttps://t.co/UJc2mbdvna'
"b'RT @NewzooHQ: We worked with @AmazonAppDev to identify peak times for app revenue and downloads, based on data from 2016. Find out what the\xe2\x80\xa6'"
"b'Calling all #Appdev &amp; #Gamedev - join our #AmazonAppsters Christmas Social. Food, drinks, fun &amp; chats with like-min\xe2\x80\xa6 https://t.co/ZbNsmfHxF9'"
b'Learn how to pause and unpause your game in #GameMaker studio. #gamedev https://t.co/9FFqnXYf88'
"b""Thanks @Mariuxtheone for a great insight into what's new in Amazon Appstore 2017 #AmazonAppsters #indiedev\xe2\x80\xa6 https://t.co/crhe80xWzm"""
b'Kicking off #AmazonAppsters Munich Meetup. Great to see you again! #gamedev #android #mobiledev https://t.co/aXZGApUOCz'
b'Under 24 hours to 13th featured for Christmas #androiddev #AmazonDevSpotlight deadline 23/11\xe2\x80\xa6 https://t.co/XtJyHlT4Ww'
b'Have you RSVPed yet? Join us tomorrow for the #AmazonAppsters Munich Meetup with @mariuxtheone!\xe2\x80\xa6 https://t.co/GDEPDFjOfa'
"b'@jeremybeasley Thanks for bringing it to our attention, Jeremy. Will get right on it!'"
"b""Everything you need to know about what's new in Amazon Appstore 2017 by @mariuxtheone #AmazonAppsters #appdev\xe2\x80\xa6 https://t.co/Fx2KtaA1Je"""
b'Great insight into how modern interaction &amp; multimodal UI can be integrated using Amazon Alexa from @saschaWolter\xe2\x80\xa6 https://t.co/49JpHvdUP8'
b'Super excited to welcome you to #AmazonAppsters Berlin Meetup @betahaus tonight. See you in a bit! #indiedev #appdev https://t.co/DJR97MGFfH'
b'Less than 48 hours to go. UK and DE-based #appdevs - have you submitted yet? https://t.co/Qn63rY7Mqz https://t.co/5Qu6siHA6G'
b'RT @AleHitti: My Intro to Shaders using GameMaker Studio 2 article is up! The information should also be useful and somewhat relevant if yo\xe2\x80\xa6'
b'Working with Shaders and Surfaces in #GameMaker Studio 2. #gamedev\nhttps://t.co/i63IdGv6Sw'
b'Three trends for app revenue during the holiday season.\nhttps://t.co/ExAZDdewDo'
b'See you tomorrow @betahaus for the next #AmazonAppsters Berlin Meetup with @saschawolte &amp; @mariuxtheone.\xe2\x80\xa6 https://t.co/KTuzr4Yu8l'
"b'RT @amazonappstore: Tune into Champions of Fire on @Twitch and Fire TV Dec. 2-3. Watch your favorite gamers compete for a share of the $50,\xe2\x80\xa6'"
b'New option in the Amazon Developer Portal for IAP Batch Submissions.\nhttps://t.co/5Yi3WN7efZ'
b'RT @gamerepublic: #GameDevDay kicks off with @Mariuxtheone from @AmazonAppDev! https://t.co/SUJLu78ydJ'
b'One week to go until the next #AmazonAppsters Munich Meetup. Book your place here https://t.co/zhPcZ3ArWv #indiedev\xe2\x80\xa6 https://t.co/wqag03rKam'
"b""RT @IndieTrainJam: If you qualify, don't forget to apply for our diversity initiative assistance for Train Jam 2018. \n\nWe focus on geograph\xe2\x80\xa6"""
"b""Find out what's new in Amazon Appstore 2017 from @mariuxtheone. RSVP now Berlin https://t.co/HZCzkDkz9K Munich\xe2\x80\xa6 https://t.co/oOoAkxZge6"""
"b""RT @Mariuxtheone: @AmazonAppDev Psssst... They told me it's going to be a cool event with tech content, pizza and drinks! At Amazon offices\xe2\x80\xa6"""
b'Catch up on everything you missed last week on the Amazon developer blog. \nhttps://t.co/RQfXek7lAc'
"b""@Kid_Desimo Hello Des, we're sorry you're experiencing difficulties with your merch account, please let us know if we can help."""
b'One week to go until the #AmazonAppsters Berlin meetup with @saschawolte &amp; @mariuxtheone 21/11. RSVP now\xe2\x80\xa6 https://t.co/e3QpM1mz3I'
b'Join us - next Meetup 29/11 LDN https://t.co/NmyOyNH4eR Developer Summit recap and discussion @Mariuxtheone\xe2\x80\xa6 https://t.co/4HcKE3ppaX'
b'@jchemtob Sorry about that! Please report the issue using the contact us page and our support team will help. https://t.co/0jr5S1EHUp'
b'Setting up #GameMaker Studio 2 &amp; testing your game on Fire devices. #gamedev \nhttps://t.co/7AWYxr1tfN'
b'What are hitboxes and hurtboxes? #Gamemaker #gamedev\nhttps://t.co/okjFPHIeBY'
"b'@cfinke Hi Christopher, are you still having problems viewing the page?'"
b'Setting up source control in #GameMaker Studio 2 - Part 2.\nhttps://t.co/mB7eJe5HUO'
"b'@MrBaconpants @mountainduckapp Would love to, but unfortunately, the Amazon Drive API and SDKs are currently closed\xe2\x80\xa6 https://t.co/Z4w5edfWKY'"
b'@iamchakradhar How can we help?'
b'RT @gamerepublic: Thanks @AmazonAppDev for being #gamedevday Headline Sponsor of @gamerepublic &amp; @gamayo events on 16 Nov in Leeds! https:/\xe2\x80\xa6'
b'Adding some juice to your character movements and animations in #Gamemaker \xf0\x9f\x8e\xae\xc2\xa0\nhttps://t.co/F0kvAXiwuR'
b'RT @Aiman_Sha: @AmazonAppDev one of the best developers summit I have attended :-) thumbs up to all organisers.'
"b'@aidunlop Hi Aidan, congrats! \xf0\x9f\x98\x8e\xc2\xa0please DM your shipping information.'"
"b""@phongenix @DavidScreative There's no digital copy available at this time. \xf0\x9f\x99\x81"""
"b'@phongenix Hey Phong, the developer spotlight is currently available for developers in the US, UK, and Germany.'"
b'RT @YoYoGames: GameMaker Studio 2 Now Available for Amazon App Store!\nhttps://t.co/7zl63V8lzc\n@AmazonAppDev #gamemaker #amazonappsummit htt\xe2\x80\xa6'
b'#GameMaker Studio 2 is now available for Amazon Appstore. Get your 60-day free trial! #gamedev \nhttps://t.co/NGAjcowRKi'
b'Amazon #FireTV goes worldwide! \xf0\x9f\x8c\x8f\xf0\x9f\x98\x8e\nhttps://t.co/q8zKUsZ0a9'
b'RT @DblUpApp: #AmazonAppSummit&gt;@AmazonAppDev &amp; @alexadevs celebrating after the #App #Developers summit #London #gamedev #indieDev #AppDev\xe2\x80\xa6'
b'RT @goobric: The @amazon Team having some .gif fun @AmazonAppDev  #AmazonAppSummit Thank you so much for an insightful learning experience\xe2\x80\xa6'
b'RT @SonyaMoisset: // Fire Tablet Marketing: audience insights and on-device engagement tactics by Elina Kazansteva &amp; @AmazonAppDev #AmazonA\xe2\x80\xa6'
b'RT @DavidScreative: Excellent statements on the @Smartupvisuals display @AmazonAppDev #AmazonAppSummit https://t.co/IDvmoNj8Yt'
"b""It's gif time for the Amazon Appstore UK team...celebrating another successful #AmazonAppSummit \xf0\x9f\x98\x9c https://t.co/NvgKlQLjuy"""
"b""#AlexaSkill &amp; #FireTV it's just the beginning. Great talk by  @ItsLucaHere &amp; @JustonWestern #AmazonAppSummit https://t.co/PwKKZqO8ns"""
b'Great talk on convergence between apps &amp; voice #AlexaSkill by @JustonWestern #AmazonAppSummit #Androiddevs https://t.co/13PUKeUxXD'
b'Great talk from @maxamorde Alexa EU evangelist on Alexa being everywhere #AmazonAppSummit https://t.co/XK4f353Bc5'
b'In game events can significantly impact revenue and engagement #AmazonAppSummit #gamedev https://t.co/0jpXMbNKKD'
b'How #Androiddevs can achieve on-device merchandising on Appstore #AmazonAppSummit https://t.co/sCQ1OusBU0'
b'RT @Discombenulated: Well impressed with Amazon Creator! 2 minutes to make a Fire TV app for @GoDigitalPA https://t.co/4HvXXXhQj0 #AmazonAp\xe2\x80\xa6'
"b""RT @ThisisZone: We're at @AmazonAppDev #AmazonAppSummit, where the main focus is next-gen interactivity and online shopping experiences.\n#L\xe2\x80\xa6"""
b'Why families like Fire tablet reason #3 great entertainment for kids #AmazonAppSummit https://t.co/pNFAmpFQtq'
b'Why families like Fire tablet reason #2 great value for money at less than \xc2\xa350 #AmazonAppSummit https://t.co/CApWdZxiWU'
b'Appstore consumer insights on why families like Fire tablet #1 parental controls #AmazonAppSummit https://t.co/pNhdhDfOet'
b'RT @YoYoGames: . @mdf200 &amp; @RussellKay are at the #amazonappsummit today to talk about publishing GMS2 games to Amazon Fire!!\n\nGot a questi\xe2\x80\xa6'
b'RT @DanielMNavarro: Techniques for Fire Game Development #AmazonAppSummit \xf0\x9f\x91\x8c https://t.co/jbxeXu9Cbl'
b'RT @DavidScreative: Liking Amazon Create and the porential of this new app for non coders for FireTV @Mariuxtheone @AmazonAppDev #AmazonApp\xe2\x80\xa6'
b'RT @mrforgetful: Interesting stuff about the Fire TV at @AmazonAppDev - I\xe2\x80\x99ll be checking out the Web App Starter Kit ASAP #AmazonAppSummit'
"b'RT @goobric: Thnx @Mariuxtheone He announced AmazonCreator for non developers, using W.A.S.K yippee \xf0\x9f\xa4\x98 @AmazonAppDev #AmazonAppSummit https:\xe2\x80\xa6'"
b'RT @MrBov: Amazon enables the sale of physical goods right inside your TV viewing experience #AmazonAppSummit @AmazonAppDev https://t.co/6R\xe2\x80\xa6'
b'RT @callonafo: @Mariuxtheone thank you for the great speech at #AmazonAppSummit 2017 @amazon @AmazonAppDev @amazonappstore @awscloud https:\xe2\x80\xa6'
"b'RT @MrBov: Watch out QVC, with Watch and Shop @amazon has revolutionised the shopping channel model #AmazonAppSummit @AmazonAppDev https://\xe2\x80\xa6'"
b'RT @PsychopaediaHQ: WOW we launched one of the first @AmazonFireTV #apps using @AmazonLab126 new #Creator platform\n@AmazonAppDev @Mariuxthe\xe2\x80\xa6'
b'RT @goobric: @amazon wants you to go shopping with them using #FireTV @AmazonAppDev #AmazonAppSummit by Pete Schwab https://t.co/lhXqnCzXhW'
b'RT @DavidScreative: Great presentation by @jessefreeman on Game Development @AmazonAppDev #AmazonAppSummit and some great resources tips to\xe2\x80\xa6'
b'Lucky #AmazonAppSummit attendees will receive @jessefreeman game design notebook \xf0\x9f\x99\x8c #gamedev https://t.co/TRV57DKT5z'
b'Great talk on practical game design via @jessefreeman #AmazonAppSummit  #gamedev https://t.co/m7LI58pw3S'
"b""Make Appstore your game's home. @jessefreeman shares how easy it to develop cross platform with us #AmazonAppSummit https://t.co/03F7JA7VFu"""
"b""It's easy to publish games on  @YoYo Games, partners of Amazon Appstore #AmazonAppSummit https://t.co/mkjwUdRGaz"""
b'RT @asobitech: Fully supporting #GameMaker crew at @YoYoGames here at the excellent @AmazonAppDev #AmazonAppSummit https://t.co/m2bWs4vKlc'
b'RT @DavidScreative: Liking the Game Design Notebook perfect must have fir aspiring game developers @AmazonAppDev #AmazonAppSummit https://t\xe2\x80\xa6'
b'RT @tobiassonne: Super interesting talk with great tips and tricks on game design by @jessefreeman at the #AmazonAppSummit in London @Amazo\xe2\x80\xa6'
b'Exclusive offer with @YoYoGames announces free trial for #gamedevs who submit to Appstore. #AmazonAppSummit https://t.co/ovSftShkIk'
b'Submit your app to #AmazonDevSpotlight to get featured. Question? Speak to us at #AmazonAppSummit https://t.co/h8Hl6xWiIG'
"b""With 1500+ Amazon Appstore has is one of the UK's largest #Androiddevs community? https://t.co/iGDWHgxZUW"""
b'Amazon Appstore is taking a content first approach for our publishers #AmazonAppSummit https://t.co/1udipXN5jH'
b'Introducing the all-new Amazon Appstore designed for gamers #gamedev #AmazonAppSummit https://t.co/mVxPBZmcNb'
"b'Introducing the all-new Amazon Appstore, designed around gamers #gamedev #AmazonAppSummit https://t.co/PA0qFeP9h6'"
b'UK apps usage skewed towards games and apps #AmazonAppSummit #Androiddevs https://t.co/qHLEZegWA8'
b'Some of the all-new device launches from Amazon in 2017 highlighted by @iaingavin at #AmazonAppSummit  just now https://t.co/T5h2JvHJEH'
b'RT @JGAppsherpas: Excited to be here at the #AmazonAppSummit with the leading European developers to hear exciting talks &amp; take part in han\xe2\x80\xa6'
b'UK Amazon Appstore customer grows +162% #AmazonAppSummit https://t.co/ju26XX7bhU'
b'Just some of the great content delivered on Amazon Fire TV #AmazonAppSummit https://t.co/K4ZoGRnNdE'
b'RT @callonafo: The innovation continues @amazon @AmazonAppDev @amazonappstore @awscloud #AmazonAppSummit https://t.co/ExIVeOxTZM'
b'@iaingavin shares how Amazon innovates on behalf of our customers at #AmazonAppSummit #Androiddevs https://t.co/ZiA9rpdtvw'
"b""@iaingavin keynote at #AmazonAppSummit asks who isn't an Amazon customer? Silences the room. https://t.co/OnDIIAx9RJ"""
b'Getting ready to welcome you at #AmazonAppSummit. See you in a bit. #gamedev #indiedev #appdev https://t.co/zXDM4HIMC0'
"b'@Sehartless Yep, feel free to come in anytime!'"
"b""Here's everything you need to know to work with source control in #GameMaker Studio 2. \xf0\x9f\x8e\xae\nhttps://t.co/3rV459nx7h"""
b'RT @Mariuxtheone: Spoiler: we have arcade games at #AmazonAppSummit! Join us tomorrow!!! #gamedev https://t.co/vbrzGxn7SF'
