"b'The last presidential election turned on fewer than 100,000 votes in three states. More people go to Coachella. The\xe2\x80\xa6 https://t.co/JtJlYxwGbf'"
b'America is always at our best when we look out for each other. Please do what you can to help people recover and re\xe2\x80\xa6 https://t.co/p53FdzYe97'
b'I\xe2\x80\x99m so proud of the work @MichelleObama has done over the years to ensure adolescent girls have access to education\xe2\x80\xa6 https://t.co/oMXzcgI4l2'
b'Congratulations to Drew Brees on the all time passing record. Always a class act.'
"b'Happy Anniversary, @MichelleObama. For 26 years, you\xe2\x80\x99ve been an extraordinary partner, someone who can always make\xe2\x80\xa6 https://t.co/csomlGbL1B'"
"b'Today, I\xe2\x80\x99m proud to endorse even more Democratic candidates who aren\xe2\x80\x99t just running against something, but for some\xe2\x80\xa6 https://t.co/oqewS0Y8vZ'"
"b'From civil servants to organizers, the young people I met in Amsterdam today are doing the hard work of change. And\xe2\x80\xa6 https://t.co/mlAp2SRZlP'"
"b'The antidote to government by a powerful few is government by the organized, energized many. This National Voter Re\xe2\x80\xa6 https://t.co/3W5pfaUdKd'"
"b'The first class of Obama Fellows is full of leaders like Keith\xe2\x80\x94hardworking, innovative, and dedicated to partnering\xe2\x80\xa6 https://t.co/nOd6FzH23n'"
"b'We will always remember everyone we lost on 9/11, thank the first responders who keep us safe, and honor all who de\xe2\x80\xa6 https://t.co/ku270JQnwl'"
"b""RT @nowthisnews: If you still don't think the midterms will affect you, @BarackObama is back to spell out just how important they are https\xe2\x80\xa6"""
b'Today I\xe2\x80\x99m at the University of Illinois to deliver a simple message to young people all over the country: You need\xe2\x80\xa6 https://t.co/brM6Vd7j2R'
b'Yesterday I met with high school students on Chicago\xe2\x80\x99s Southwest side who spent the summer learning to code some pr\xe2\x80\xa6 https://t.co/hY9B0mSQB9'
b'Congratulations to Hawaii for winning the Little League World Series! You make America very proud. \xf0\x9f\xa4\x99\xf0\x9f\x8f\xbe https://t.co/8Un7LPXgX1'
b'Our statement on the passing of Senator John McCain: https://t.co/3GBjNYxoj5'
"b'Aretha helped define the American experience. In her voice, we could feel our history, all of it and in every shade\xe2\x80\xa6 https://t.co/hUcQpbdydq'"
"b'Bobby Kennedy was one of my heroes. He was someone who showed us the power of acting on our ideals, the idea that a\xe2\x80\xa6 https://t.co/mMVBHEBzsv'"
"b'I\xe2\x80\x99m confident that, together, they\xe2\x80\x99ll strengthen this country we love by restoring opportunity, repairing our allia\xe2\x80\xa6 https://t.co/CgiImgqCDD'"
"b'Today I\xe2\x80\x99m proud to endorse such a wide and impressive array of Democratic candidates \xe2\x80\x93 leaders as diverse, patrioti\xe2\x80\xa6 https://t.co/i0MECnqfJr'"
"b""Mandela Day is about taking action to change the world for the better. In these young people, I see Madiba's exampl\xe2\x80\xa6 https://t.co/iT1v545C2L"""
"b'This week, I\xe2\x80\x99m traveling to Africa for the first time since I left office \xe2\x80\x93 a continent of wonderful diversity, thr\xe2\x80\xa6 https://t.co/UDROtalUlX'"
b'RT @MichelleObama: Sometimes truth transcends party. https://t.co/TeFM7NmNzU'
b'Congratulations to the @Capitals! This @NHLBlackhawks fan knows what it\xe2\x80\x99s like to lift that cup \xe2\x80\x93 and I\xe2\x80\x99m happy for\xe2\x80\xa6 https://t.co/9LG5lxLQC7'
"b'\xe2\x80\x9cLow plastic stool, cheap but delicious noodles, cold Hanoi beer.\xe2\x80\x9d This is how I\xe2\x80\x99ll remember Tony. He taught us abo\xe2\x80\xa6 https://t.co/l79o6OyNAT'"
"b'This National Gun Violence Awareness Day, show your commitment to keeping our kids safe from gun violence. Then, fo\xe2\x80\xa6 https://t.co/Nr5qxK8sgu'"
"b'We can never truly repay the debt we owe our fallen heroes. But we can remember them, honor their sacrifice, and af\xe2\x80\xa6 https://t.co/iHLhFdhoZQ'"
b'This Center is for the leaders of tomorrow who are ready to step up and build the world as it should be. Michelle a\xe2\x80\xa6 https://t.co/XN7anzCTst'
"b'Happy Mother\xe2\x80\x99s Day to every mom out there, especially the remarkable moms in my life, @MichelleObama and my mother-\xe2\x80\xa6 https://t.co/QsZPuZ2OoJ'"
b'There are few issues more important to the security of the US than the potential spread of nuclear weapons or the p\xe2\x80\xa6 https://t.co/ym4YTPpbWl'
b'RT @MichelleObama: Happy #CollegeSigningDay! So excited to be in Philly to celebrate all the young people making the commitment to higher e\xe2\x80\xa6'
"b'These talented young people will create a better future not just in Africa, but around the world. I can\xe2\x80\x99t wait to s\xe2\x80\xa6 https://t.co/0YgQxnOrz9'"
b'Our statement on the passing of Former First Lady Barbara Bush: https://t.co/MhTVYCL9Nj'
b'RT @ObamaFoundation: We just announced the inaugural class of #ObamaFellows. These 20 civic leaders have carried out inspiring work around\xe2\x80\xa6'
"b'RT @ObamaFoundation: This week\xe2\x80\x9450 years since Dr. Martin Luther King, Jr. was killed\xe2\x80\x94@BarackObama and @RepJohnLewis sat down with a group o\xe2\x80\xa6'"
b'Incredible to have a Chicago team in the Final Four. I\xe2\x80\x99ll take that over an intact bracket any day! Congratulations\xe2\x80\xa6 https://t.co/V9IbaSlbIp'
b'Michelle and I are so inspired by all the young people who made today\xe2\x80\x99s marches happen. Keep at it. You\xe2\x80\x99re leading\xe2\x80\xa6 https://t.co/d0DTg594Cs'
b'Our most important task as a nation is to make sure all our young people can achieve their dreams. We\xe2\x80\x99ve started th\xe2\x80\xa6 https://t.co/gNw9ks6pMY'
"b'In Singapore with young people who are advocating for education, empowering young women, and getting involved all o\xe2\x80\xa6 https://t.co/V5uHCeMWUa'"
b'41: I like the competition. And the loyalty to the home team. - 44 https://t.co/XG3ChMtW0M'
b'Congrats to @LoyolaChicago and Sister Jean for a last-second upset - I had faith in my pick!'
"b'Just because I have more time to watch games doesn\xe2\x80\x99t mean my picks will be better, but here are my brackets this ye\xe2\x80\xa6 https://t.co/gWpZwlceV3'"
b'Have fun out there among the stars. https://t.co/S285MTwGtp'
"b'Four years ago, @MichelleObama and I had the privilege to host Lt. Cmdr. Dan Cnossen and his fellow Paralympians an\xe2\x80\xa6 https://t.co/kneWyU2Tu1'"
"b'I got my start holding community meetings in Chicago, so it was fun to be home for one tonight. Michelle and I want\xe2\x80\xa6 https://t.co/1ammpZayJx'"
"b'Young people have helped lead all our great movements. How inspiring to see it again in so many smart, fearless stu\xe2\x80\xa6 https://t.co/wXO3wBtJ8V'"
"b'Billy Graham was a humble servant who prayed for so many - and who, with wisdom and grace, gave hope and guidance t\xe2\x80\xa6 https://t.co/V8WtgIRPEB'"
b'We are grieving with Parkland. But we are not powerless. Caring for our kids is our first job. And until we can hon\xe2\x80\xa6 https://t.co/LWGSkzRapH'
"b'Happy Valentine\xe2\x80\x99s Day, @MichelleObama. You make every day and every place better. https://t.co/aWvyytR7Mm'"
"b'RT @MichelleObama: Happy #ValentinesDay to my one and only, @BarackObama. To celebrate the occasion, I\xe2\x80\x99m dedicating a little Valentine\xe2\x80\x99s Da\xe2\x80\xa6'"
"b'Dr. King was 26 when the Montgomery bus boycott began. He started small, rallying others who believed their efforts\xe2\x80\xa6 https://t.co/N0zwBg7gTi'"
"b'All across America people chose to get involved, get engaged and stand up. Each of us can make a difference, and al\xe2\x80\xa6 https://t.co/zxpKVnNeHZ'"
"b'Ten-year-old Jahkil Jackson is on a mission to help homeless people in Chicago. He created kits full of socks, toil\xe2\x80\xa6 https://t.co/7mNk6dmnyC'"
"b'Chris Long gave his paychecks from the first six games of the NFL season to fund scholarships in Charlottesville, V\xe2\x80\xa6 https://t.co/KxUk5Wle6h'"
"b'Kat Creech, a wedding planner in Houston, turned a postponed wedding into a volunteer opportunity for Hurricane Har\xe2\x80\xa6 https://t.co/MCXiSuAVJN'"
"b'As we count down to the new year, we get to reflect and prepare for what\xe2\x80\x99s ahead. For all the bad news that seemed\xe2\x80\xa6 https://t.co/WaUHkVww2g'"
"b'RT @MBK_Alliance: I am my Brother\xe2\x80\x99s Keeper. \nWatch our new PSA with @BarackObama, @StephenCurry30 &amp; @chancetherapper, then take action to s\xe2\x80\xa6'"
"b'On behalf of the Obama family, Merry Christmas! We wish you joy and peace this holiday season. https://t.co/CNFUZrhrBj'"
"b""There's no better time than the holiday season to reach out and give back to our communities. Great to hear from yo\xe2\x80\xa6 https://t.co/gp5dCy9oN2"""
"b'Happy Hanukkah, everybody, from the Obama family to yours. Chag Sameach!'"
b'Just got off a call to thank folks who are working hard to help more Americans across the country sign up for healt\xe2\x80\xa6 https://t.co/A9QvCySWJ8'
b'RT @ObamaFoundation: Watch: We hosted a Town Hall in New Delhi with @BarackObama and young leaders about how to drive change and make an im\xe2\x80\xa6'
b'Michelle and I are delighted to congratulate Prince Harry and Meghan Markle on their engagement. We wish you a life\xe2\x80\xa6 https://t.co/KC9nmjZPuX'
"b'From the Obama family to yours, we wish you a Happy Thanksgiving full of joy and gratitude. https://t.co/xAvSQwjQkz'"
"b'ME:  Joe, about halfway through the speech, I\xe2\x80\x99m gonna wish you a happy birth--\nBIDEN:  IT\xe2\x80\x99S MY BIRTHDAY!\nME:  Joe.\xe2\x80\xa6 https://t.co/5qLUsDoaMi'"
"b'RT @ObamaFoundation: Today, we honor those who have honored our country with its highest form of service. https://t.co/IbJNCwIofL https://t\xe2\x80\xa6'"
b'This is what happens when the people vote. Congrats @RalphNortham and @PhilMurphyNJ . And congratulations to all th\xe2\x80\xa6 https://t.co/ZvUKZIDGAj'
b'Every election matters - those who show up determine our future. Go vote tomorrow! https://t.co/j1wh8hLamw'
b'May God also grant all of us the wisdom to ask what concrete steps we can take to reduce the violence and weaponry in our midst.'
"b'We grieve with all the families in Sutherland Springs harmed by this act of hatred, and we\xe2\x80\x99ll stand with the survivors as they recover...'"
"b'Starting today, you can sign up for 2018 health coverage. Head on over to https://t.co/ob1Ynoesod and find a plan t\xe2\x80\xa6 https://t.co/6eN1Y5TQGV'"
"b""Michelle and I are thinking of the victims of today's attack in NYC and everyone who keeps us safe. New Yorkers are as tough as they come."""
"b'Hello, #ObamaSummit! Thrilled to host civic leaders in Chicago from all over the world. Follow along at @ObamaFoundation.'"
"b'I\xe2\x80\x99ll let you and @ladygaga handle the singing, and we\xe2\x80\x99ll handle the donations. There\xe2\x80\x99s still time to give:\xe2\x80\xa6 https://t.co/0NnaR3bozh'"
b'Tonight the ex-Presidents are getting together in Texas to support all our fellow Americans rebuilding from this ye\xe2\x80\xa6 https://t.co/nFSou6JC6n'
"b""I'm grateful to @SenJohnMcCain for his lifetime of service to our country. Congratulations, John, on receiving this year's Liberty Medal."""
b'Michelle &amp; I are praying for the victims in Las Vegas. Our thoughts are with their families &amp; everyone enduring another senseless tragedy.'
b'Proud to cheer on Team USA at the Invictus Games today with my friend Joe. You represent the best of our country. https://t.co/WBzcltmgqj'
"b""We're expanding our efforts to help Puerto Rico &amp; the USVI, where our fellow Americans need us right now. Join us a\xe2\x80\xa6 https://t.co/gkrp1RwXR4"""
"b'Prosecutor, soldier, family man, citizen. Beau made us want to be better. What a legacy to leave. What a testament\xe2\x80\xa6 https://t.co/XDtkLu32wd'"
b'RT @gatesfoundation: President @BarackObama addresses #Goalkeepers17 starting at 12:40 PM. Tune in here: https://t.co/XmHBErSHYw'
b'Thinking about our neighbors in Mexico and all our Mexican-American friends tonight. Cuidense mucho y un fuerte abrazo para todos.'
"b'Coding is important \xe2\x80\x93 and fun. @CSforAll, thanks for your work to make sure every kid can compete in a high-tech, g\xe2\x80\xa6 https://t.co/xwlnvxsjKb'"
"b""Michelle and I want the @ObamaFoundation to inspire and empower people to change the world. Here's how we're gettin\xe2\x80\xa6 https://t.co/xY0UhBSvqp"""
b'We remember everyone we lost on 9/11 and honor all who defend our country and our ideals. No act of terror will ever change who we are.'
"b'RT @GeorgeHWBush: Across the U.S., Americans have answered the call to help with hurricane recovery. Praying for all Floridians. #Irma http\xe2\x80\xa6'"
b'Proud of these McKinley Tech students\xe2\x80\x94inspiring young minds that make me hopeful about our future. https://t.co/nqYC1mjjTB'
b'Americans always answer the call. https://t.co/SV1jixOExu https://t.co/ktEvL6s89d'
"b'To target hopeful young strivers who grew up here is wrong, because they\xe2\x80\x99ve done nothing wrong. My statement: https://t.co/TCxZdld7L4'"
"b""Thank you to all the first responders and people helping each other out. That's what we do as Americans. Here's one\xe2\x80\xa6 https://t.co/I3RHWyZe31"""
b'Michelle and I are thinking of the victims and their families in Barcelona. Americans will always stand with our Spanish friends. Un abrazo.'
"b'""...For love comes more naturally to the human heart than its opposite."" - Nelson Mandela'"
"b'""People must learn to hate, and if they can learn to hate, they can be taught to love...""'"
"b'""No one is born hating another person because of the color of his skin or his background or his religion..."" https://t.co/InZ58zkoAm'"
"b""John McCain is an American hero &amp; one of the bravest fighters I've ever known. Cancer doesn't know what it's up against. Give it hell, John."""
"b""Health care has always been about something bigger than politics: it's about the character of our country. https://t.co/UqLO14Hef7"""
"b""Of all that I've done in my life, I'm most proud to be Sasha and Malia's dad. To all those lucky enough to be a dad\xe2\x80\xa6 https://t.co/XSqMhcSuvR"""
"b'On this National Gun Violence Awareness Day, let your voice be heard and show your commitment to reducing gun viole\xe2\x80\xa6 https://t.co/S7dth6Ywb0'"
b'Forever grateful for the service and sacrifice of all who fought to protect our freedoms and defend this country we\xe2\x80\xa6 https://t.co/BwRS0onlOL'
b'Good to see my friend Prince Harry in London to discuss the work of our foundations &amp; offer condolences to victims\xe2\x80\xa6 https://t.co/f1U8It8AmE'
"b'Through faith, love, and resolve the character of the people of Manchester has shown itself.  Our thoughts &amp; prayer\xe2\x80\xa6 https://t.co/xyMer891Zo'"
b'Our hearts go out to those killed and wounded in Manchester. Americans will always stand shoulder to shoulder with the people of the UK.'
"b'Excited to hear from Sierra, Imani, Filiz, and Benedikt who are making a difference at home and abroad. See you in\xe2\x80\xa6 https://t.co/bF1kB1GvxC'"
"b""Happy Mother's Day to my love and partner on this journey @MichelleObama, and to all the wonderful, hardworking mothers out there."""
"b""We're rolling up our sleeves again, back where it all started. Join us at https://t.co/GYkEOK8EuT. https://t.co/UlyvNrQvZR"""
"b""Well said, Jimmy. That's exactly why we fought so hard for the ACA, and why we need to protect it for kids like Bil\xe2\x80\xa6 https://t.co/jB3LXT94Ok"""
b'RT @ObamaFoundation: It\xe2\x80\x99s a beautiful day on the South Side. https://t.co/PtoaFbww0s'
b'My heart goes out to the victims and their families in London. No act of terror can shake the strength and resilience of our British ally.'
"b""Chuck Berry rolled over everyone who came before him \xe2\x80\x93 and turned up everyone who came after.  We'll miss you, Chuck.  Be good."""
"b'On International Women\xe2\x80\x99s Day, @MichelleObama and I are inspired by all of you who embrace your power to drive chang\xe2\x80\xa6 https://t.co/Er9mIQlmgr'"
b'RT @ObamaFoundation: Courage comes in many forms. Who in your local community or neighborhood leads by example? #ProfileInCourage https://t\xe2\x80\xa6'
"b""Humbled to be recognized by a family with a legacy of service. Who's your #ProfileInCourage? Tell me about them:\xe2\x80\xa6 https://t.co/25Ohhab8Xn"""
b'We asked. You answered. https://t.co/mAJvko6VqR'
"b'Happy Valentine\xe2\x80\x99s Day, @michelleobama! Almost 28 years with you, but it always feels new. https://t.co/O0UhJWoqGN'"
b'I read letters like these every single day. It was one of the best parts of the job \xe2\x80\x93 hearing from you. https://t.co/so1luBcszV'
b'RT @ObamaFoundation: Add your voice: https://t.co/mA9MSHmi7o https://t.co/Uf7oEvkZF3'
"b""In the meantime, I want to hear what you're thinking about the road ahead. So share your ideas with me here: https://t.co/GYkEOK8EuT"""
"b'Hi everybody! Back to the original handle. Is this thing still on? Michelle and I are off on a quick vacation, then we\xe2\x80\x99ll get back to work.'"
"b'Tonight, President Obama reflects on eight years of progress. Watch the #FarewellAddress at 9 pm ET: https://t.co/ZnwTsg155B #ObamaFarewell'"
"b'RT @OFA: ""Thanks to the Affordable Care Act, your coverage is better today than it was before.""\n\nWatch the weekly address: https://t.co/Pfk\xe2\x80\xa6'"
"b'In the weekly address, President Obama discusses what #Obamacare has done to improve health care. https://t.co/VdQlyrSZhx'"
"b""Let's keep working to keep our economy on a better, stronger course. https://t.co/bV2BVjyj7a"""
b'The landmark #ParisAgreement enters into force today\xe2\x80\x94we must keep up the momentum to #ActOnClimate. https://t.co/Cyw5Udaoro'
"b'The economy added 161,000 jobs in October, and wages are up 2.8 percent over the past year. https://t.co/pJxjgLnjCt #JobsReport'"
"b""There are a lot of plans out there. Check your options and lock in the one that's best for you: https://t.co/buFY9ozDz4 #GetCovered"""
"b""The positive impact of #Obamacare is undeniable, but there's one big factor holding many states back: https://t.co/7XebIdRX34"""
"b""RT @POTUS: It happened: @Cubs win World Series. That's change even this South Sider can believe in. Want to come to the White House before\xe2\x80\xa6"""
"b""Tens of millions of Americans have benefited from #Obamacare. Make sure you're one of them. #GetCovered https://t.co/e1KoXcPtpU"""
"b'Thanks to #Obamacare, quality health care is available to everyone. The marketplace is now open\xe2\x80\x94make sure you and y\xe2\x80\xa6 https://t.co/89gl6pzMGD'"
b'RT @lacasablanca: La t\xc3\xadpica Latina tarda 22 meses en ganar lo que un hombre blanco gana en 12 meses. Tenemos que cerrar la brecha salarial.\xe2\x80\xa6'
"b'RT @WhiteHouse: On #LatinaEqualPay Day, we mark the work that remains to ensure that all Americans receive equal pay for equal work. https:\xe2\x80\xa6'"
b'Community organizing never goes out of style. Shop now: https://t.co/LXEbQdKLLT https://t.co/E56ofoU36i'
"b'With #Obamacare, people can focus on treatment for pre-existing conditions without the fear of coverage being cappe\xe2\x80\xa6 https://t.co/jvdFY87XBu'"
"b""The Obamacare marketplace is now open. If you're uninsured, now is the time to shop for a plan and #GetCovered.\xe2\x80\xa6 https://t.co/Spjlga4eTT"""
b'RT @FLOTUS: Open enrollment starts tomorrow! Check out your options at https://t.co/dg57hwz5of and share your #GetCovered story. https://t.\xe2\x80\xa6'
b'Lions and Tiggers and bears! Oh my! #HappyHalloween https://t.co/iU4fjBhi0Y'
b'Usted y su familia merecen la tranquilidad de saber que est\xc3\xa1n cubiertos. El mercado de seguros abre ma\xc3\xb1ana. https://t.co/9iRCkLRGZD'
"b'Speak up in support of quality, affordable health care for all. https://t.co/rGsSguMxvj'"
"b""There's nothing to be scared of when searching for health insurance. Three in four people can #GetCovered for less\xe2\x80\xa6 https://t.co/BUmnRO9B3E"""
b'Open enrollment begins tomorrow\xe2\x80\x94make sure you and your loved ones #GetCovered. https://t.co/2aak7Bt0s3'
"b""RT @OFA: Witch plan is best for you? Thanks to Obamacare, even pre-existing conditions can't stop you from comparing your options. #GetCove\xe2\x80\xa6"""
"b""Senate leaders' obstruction of our Supreme Court nomination process is unacceptable. Say so: https://t.co/t3pYMO8Fp0 #DoYourJob"""
"b""Senate leaders should put the common good above politics\xe2\x80\x94the integrity of our nation's highest court depends on it.\xe2\x80\xa6 https://t.co/iRVCEl1pzf"""
"b""Don't ghost on your health and well-being\xe2\x80\x94your chance to #GetCovered is coming up. Open enrollment starts November\xe2\x80\xa6 https://t.co/qwNLazuPiz"""
b'Climate change is happening now. Denial is dangerous. https://t.co/0Nlf8Fst4u'
"b""If you're willing to work hard and play by the rules, you should be able to get ahead. https://t.co/394hdJttgO"""
b'President Obama lays out just a few of the ways in which #Obamacare has helped millions of Americans. https://t.co/qeqHRLz0ID'
b'New report: Renewable energy installations are beating fossil fuel installations for the first time. https://t.co/MMhIdu4jzt #ActOnClimate'
b'Obamacare has helped millions of Americans gain the peace of mind that comes with coverage. Show your support: https://t.co/NfrG7DHL5C'
"b'This is what happens when we focus on building an economy that works for everyone, not just those at the top. https://t.co/op3Z74rPeI'"
"b""No one's too wrapped up in pre-existing conditions to #GetCovered. \nThanks to Obamacare, you can find a plan that m\xe2\x80\xa6 https://t.co/C7H9TZdxeU"""
"b""Help protect the progress we've made in helping millions of Americans get covered. Add your name now: https://t.co/HQSZKPl1eH"""
b'DYK: Most people can find a plan for less than $75 per month. Open enrollment starts on November 1. #GetCovered https://t.co/9RGG5Pr4mb'
"b'Women, the sick, survivors\xe2\x80\x94they all deserve fair treatment in our health care system. #Obamacare https://t.co/G948HN7pzV'"
"b""Don't get tripped up by misinformation. Join the @OFA Truth Team today: https://t.co/wJZj1QCxXm https://t.co/vwwDgFHq6A"""
"b'RT @SecBurwell: Most people shopping on @HealthCareGov will again find plans with premiums of less than $75/month, thanks to financial assi\xe2\x80\xa6'"
"b""Be proud of the progress we've made together\xe2\x80\x94wear the mark of this movement. https://t.co/fYf2O9WAwG https://t.co/1Z4yJmYh4E"""
b'Strong policies that help working families get ahead are good for our economy. https://t.co/QRRhibjZCl'
b'The four-week average of jobless claims fell to the lowest level since 1973\xe2\x80\x94a sign of a healthy labor market. https://t.co/Lv7DnRM2DY'
"b""Since 2010, America's uninsured rate has been cut in half. Help build on that progress\xe2\x80\x94join Team #Obamacare today: https://t.co/MhIICuE17A"""
"b""RT @OFA: It's working.\nIt's saving lives.\nAnd we're not going back.\nRetweet to show your support. https://t.co/YOBeMMSYP8"""
"b'Health care is a right, not a privilege\xe2\x80\x94and #Obamacare works to protect that right for millions of Americans. https://t.co/B7fO8rhggW'"
"b""Don't get tripped up by misinformation. Join the @OFA Truth Team today: https://t.co/09BpA6F9Ne https://t.co/Nxgp87o4iq"""
"b""Being able to stay on a parent's plan enables millions of young adults to make choices about their future with the\xe2\x80\xa6 https://t.co/1lSzxCHZVf"""
"b'""Because of Obamacare, another 20 million Americans now know the financial security of health insurance."" https://t.co/eNd6J8bMxm'"
"b""Stand up for the law that's helped 20 million more Americans gain health coverage. Join Team @Obamacare today: https://t.co/XiNXrgnPoF"""
"b""There's still more work to do, but let's celebrate how far we've come. https://t.co/kUVWn68kJw"""
b'LIVE: President Obama is in Miami talking about the progress made possible by the Affordable Care Act. https://t.co/7FsQXut07O'
"b""RT @WhiteHouse: Each day, @POTUS reads 10 letters from Americans. Today, we're sharing some of the letters written about #ACA: https://t.co\xe2\x80\xa6"""
b'Tune in at 1:55 p.m. ET to watch President Obama speak about the successes of the Affordable Care Act. https://t.co/7FsQXut07O'
"b""There's a lot of misinformation floating around. Make sure you've got the facts\xe2\x80\x94join the @OFA Truth Team:\xe2\x80\xa6 https://t.co/SpfRFK5LWq"""
"b'From coast to coast, editorial boards are denouncing Senate obstructionism. Take a look: https://t.co/vqDr2bBiVr #DoYourJob'"
"b'Our Supreme Court has been short a justice for far too long. #DoYourJob, Senate leaders. https://t.co/yJlejtHjr0'"
"b'RT @SecBurwell: Today, 20M more Americans have coverage thanks to the #ACA. Our uninsured rate is the lowest in our nation\xe2\x80\x99s history. Lowes\xe2\x80\xa6'"
b'The need for a ninth justice is undeniably clear. #DoYourJob https://t.co/L1EBgNbh3Q'
"b""We can't afford to let this be the new normal. https://t.co/nJzyfz2Zlw #ActOnClimate"""
b'Denying climate change is dangerous. Join @OFA supporters in standing up for bold action now: https://t.co/JZnvlb080l #ActOnClimate'
"b""Climate change is real, but so is the progress we're making to #ActOnClimate. Let's keep it up. https://t.co/GOFKXQblGJ"""
b'This is just the latest step forward in the push to #ActOnClimate. https://t.co/UDInkidKkP'
b'Read why @FLOTUS is fighting to ensure that girls everywhere have access to quality education. https://t.co/xleq3HHSZt #LetGirlsLearn'
"b'Wildfires in the next few decades could be ""unrecognizable"" to previous generations\xe2\x80\x94because of climate change: https://t.co/vM3xM6mCf3'"
"b""Senate leaders are blocking the Supreme Court nomination for their own political gain\xe2\x80\x94don't be silent: https://t.co/OMdTVim0TC #DoYourJob"""
"b'RT @WhiteHouse: ""Nobody should be priced out of a higher education."" \xe2\x80\x94@POTUS on the progress we\'ve made: https://t.co/4YohVv7Qea https://t.\xe2\x80\xa6'"
b'RT @WHLive: Watch as @POTUS speaks on the progress made to ensure every student has the opportunity to realize their potential: https://t.c\xe2\x80\xa6'
"b""Senate leaders have recognized Judge Garland's impeccable credentials in the past. He deserves a fair hearing and a\xe2\x80\xa6 https://t.co/w9bPtpSmm7"""
b'We need a fully functional Supreme Court. Editorial boards across the country agree: https://t.co/BkLrNaTtzN #DoYourJob'
b'The American Bar Association gave Judge Garland its highest rating. Senate leaders: #DoYourJob and fill the #SCOTUS\xe2\x80\xa6 https://t.co/iTVTqGIUvV'
b'Denying climate change is dangerous. Join @OFA supporters in standing up for bold action now: https://t.co/7MDQGYgX2u #ActOnClimate'
"b'Cynics, take note: When we #ActOnClimate, we build a stronger future. https://t.co/wHHMdo2ro6'"
"b'""That\xe2\x80\x99s how we will overcome the challenges we face: by unleashing the power of all of us for all of us."" Read more: https://t.co/VxpwLIR4uF'"
b'Check out the most recent editorial boards calling on Senate leaders to vote on Judge Garland: https://t.co/hzuhZYevfo #DoYourJob'
"b""Senate leaders have undercut the functionality of the Supreme Court, and that's unacceptable. #DoYourJob https://t.co/5HFXhgTMoP"""
"b""Senate leaders' political games are handicapping the Supreme Court\xe2\x80\x94and judgeships across the country. https://t.co/PhKOBKXLmS #DoYourJob"""
"b""RT @WIRED: After eight years in office, @POTUS remains optimistic about the world's future. His essay as WIRED\xe2\x80\x99s guest editor: https://t.co\xe2\x80\xa6"""
b'LIVE: President Obama is speaking at a reception celebrating #HispanicHeritageMonth. https://t.co/FK0ytbKw1q'
"b'RT @WhiteHouse: In honor of #HispanicHeritageMonth, we celebrate the progress that Hispanic Americans have made under @POTUS: https://t.co/\xe2\x80\xa6'"
"b""Support the bold steps we're taking against climate change. Say you're ready to #ActOnClimate: https://t.co/EtwjaKgYFW"""
"b'Last week, more than 190 countries reached a landmark deal to reduce carbon pollution from aviation. https://t.co/LRYkXVw3rO #ActOnClimate'"
"b""Let's leave our children and grandchildren a planet that's healthier than the one we have today. #ActOnClimate https://t.co/mP29bpRdU9"""
"b""Climate change's effects are devastating. Denying the science behind it does nothing to help. https://t.co/Rww40wwgD9 #ActOnClimate"""
"b'""On behalf of Michelle and our family, G\xe2\x80\x99mar Chatimah Tovah."" \xe2\x80\x94President Obama #YomKippur'"
"b'""LGBT individuals deserve to know their country stands beside them."" \xe2\x80\x94President Obama #NationalComingOutDay https://t.co/op7nBzbaod'"
b'The Supreme Court must remain above politics. Judge Garland needs a hearing and a vote. #DoYourJob https://t.co/eVSPSIFNpB'
"b""Don't stand idly by while Senate leaders continue to block Judge Garland from a fair hearing and vote: https://t.co/TSavHP3mHg #DoYourJob"""
"b""Judge Garland is just as qualified now as he was in 1997, Senate leaders. It's time to #DoYourJob. https://t.co/j1lEkdMYV6"""
b'Dispel misinformation with facts from the @OFA Truth Team. https://t.co/zjexLUJXAC'
"b""The uninsured rate is the lowest it's been in decades, thanks to #Obamacare. Spread the word.\xe2\x80\xa6 https://t.co/ZkN8HVbn3E"""
b'Deadline tonight\xe2\x80\x94help rein in payday lenders that succeed by targeting vulnerable Americans: https://t.co/7OlpH6OFek #StopTheDebtTrap'
b'The Obama administration and @CFPB are working to protect consumers and #StopTheDebtTrap. https://t.co/UMO01OUkdh'
"b'Our economy is on a better, stronger course. https://t.co/yzB6x7CExJ'"
"b""The economic progress we've made is undeniable\xe2\x80\x94let's keep it up. https://t.co/gAlfaC1hkI"""
"b""Check out President Obama's essay in @TheEconomist on the unique challenges the American economy faces. https://t.co/jKJNCrQALL"""
"b'The economy added 156,000 jobs in September\xe2\x80\x94extending the longest streak of total job growth on record.'"
b'ICYMI: Read about the historic #ParisAgreement and what it means for the fight to #ActOnClimate. https://t.co/eMefgFZk53'
"b'RT @WhiteHouse: This is #SXSL: The White House festival of ideas, art, and action. Take a peek inside: https://t.co/BbvvMEaQTF https://t.co\xe2\x80\xa6'"
b'The cost of clean energy technology dropped significantly over the last eight years. Get the chart: https://t.co/fuGQMXeRYb #ActOnClimate'
b'This historic step in the fight to #ActOnClimate came faster than anyone predicted. https://t.co/W2rtcNXkI7'
"b'""Today is a historic day in the fight to protect our planet for future generations."" \xe2\x80\x94President Obama #ActOnClimate https://t.co/x3dJSCYUcj'"
b'LIVE: President Obama is delivering a statement on the Paris Climate Agreement. https://t.co/mNpQ6QyA91'
b'Read from @NYTopinion about why filling the Supreme Court vacancy is crucial for our democracy: https://t.co/zuSWzxSaqW #DoYourJob'
"b""Enough is enough. Say it's time for Senate leaders to get to work: https://t.co/2M789YIcBk #DoYourJob"""
"b'""Everybody cares about their kids, their grandkids, and the kind of world we pass on to them."" \xe2\x80\x94President Obama https://t.co/cfxpSBNWIU'"
b'Take what matters with you. https://t.co/E0hXWSu1q3 https://t.co/KJJdkE8DML'
"b""We've come a long way, but the fight for fairness and an economy that works for everyone continues. https://t.co/WWRhZHwYWE"""
b'RT @NatGeoChannel: Tonight @POTUS will be joined by @LeoDiCaprio for a conversation on combating climate change: https://t.co/yCN9K74Jnj #S\xe2\x80\xa6'
"b""Side-by-side for 24 years. Here's to many more. #HappyAnniversary https://t.co/nh8Xfc7IWU"""
"b'RT @WhiteHouse: Today, @POTUS is bringing something new to the South Lawn. Find out why: https://t.co/JvtZFKpQKZ'"
b'Facts matter. Stay informed with the @OFA Truth Team: https://t.co/O8PhOX5jJ3'
"b'RT @OFA: ""Since I took office, another ten million private-sector workers have gained paid sick leave."" \xe2\x80\x94President Obama https://t.co/Ud3vq\xe2\x80\xa6'"
"b'In the weekly address, President Obama discusses why access to paid leave is so important. https://t.co/q9kDEqYs5u #LeadOnLeave'"
"b""Parents shouldn't have to choose between a paycheck and taking care of a sick child at home. #LeadOnLeave https://t.co/FF4hTkgOZy"""
"b'After thirty years in Congress, Senator, this should not be your proudest accomplishment. https://t.co/FwGAJsBCoo\xe2\x80\xa6 https://t.co/86F1fhUWsp'"
"b""We need a fully functioning Supreme Court. Speak up if you agree it's time for a hearing and a vote: https://t.co/d6nmum1Ut7 #DoYourJob"""
"b'There has never been a more qualified nominee, Senate leaders. He deserves a fair hearing and a vote. #DoYourJob https://t.co/qtzcY3iwyl'"
"b""It's the Senate's job to fairly consider Supreme Court nominees. Their refusal to do so is unacceptable: https://t.co/s8FdCa0tq6 #DoYourJob"""
"b'""Everybody gets sick."" Check out what President Obama is doing to extend access to paid sick leave: https://t.co/gOAc2HAkQg #LeadOnLeave'"
b'RT @ErnestMoniz: THIS is what a #CleanEnergy revolution looks like. New report out today \xe2\x86\x92 https://t.co/o13p5fPNDg #ActOnClimate https://t.\xe2\x80\xa6'
b'Never underestimate the strength and resilience of the American economy. https://t.co/OFTN2FlRtq'
b'RT @Slate: President Obama answers Slate\xe2\x80\x99s questions about his administration\xe2\x80\x99s new rule extending paid sick leave: https://t.co/8AdEx431QN\xe2\x80\xa6'
b'The @OFA Truth Team makes it easy to stay informed. Join today: https://t.co/Q0axQYyJY1'
"b""This is no accident\xe2\x80\x94we're making a comeback because together, we've fought hard to support American families. https://t.co/LTk7SiTexP"""
"b""We're better off than we were eight years ago. https://t.co/OwrTM3V78t"""
"b'Household incomes are up, and the poverty rate is down across all demographics. https://t.co/cEIdPJuuvR'"
"b'As long as Senate leaders keep refusing to do their jobs, @OFA supporters will continue speaking out against their\xe2\x80\xa6 https://t.co/DkmDKpMhOw'"
"b""Senate leaders have blocked Judge Garland's hearing for over six months now. Keep pushing: https://t.co/AGrUjJTnST #DoYourJob"""
"b'Important, tough conversations require solid facts. Get them from the @OFA Truth Team: https://t.co/5YH9zVeayn https://t.co/dD1EPgaA9W'"
"b'These are high praises from the American Bar Association\xe2\x80\x94and yet, Senate leaders refuse to even consider Judge Garl\xe2\x80\xa6 https://t.co/ryPFLZDAhY'"
"b""Senate leaders' unprecedented obstruction of the Supreme Court nomination must end. Your voice matters: https://t.co/yhy8al1FK7 #DoYourJob"""
b'The American people are waiting for Senate leaders to do their jobs. https://t.co/LNqAQpxMle'
"b""Senate leaders have blocked Judge Garland's hearing for over six months now. Keep pushing: https://t.co/peV6aCYswa #DoYourJob"""
"b'Senate leaders need to work for the good of the American people, not seek out political points. https://t.co/Tdx3xk6gYi'"
b'Watch President Obama and @CEAChair Jason Furman discuss the positive gains the American economy has made. https://t.co/J28Crn3WAP'
"b""Here are 16 broken records we shouldn't be proud of. https://t.co/x98dGgEloW"""
b'Stay informed. Stay engaged. Speak up. Join the @OFA Truth Team: https://t.co/GVTL4HrTXw'
"b'Another record broken: 16 months in a row of undeniable, record-breaking heat.\nhttps://t.co/qMAH7nFf5I #ActOnClimate'"
b'Happy #FirstDayofFall. https://t.co/ix02MNuOud'
"b""We can't sit idly by. Climate change is likely to threaten our national security\xe2\x80\x94we must act now.\xe2\x80\xa6 https://t.co/6QQmpf27W0"""
b'Judge Garland is highly qualified for the bench\xe2\x80\x94even some Senate leaders who are now blocking his hearing have agre\xe2\x80\xa6 https://t.co/D5ScOCikVl'
"b""Senate leaders' blind obstruction of Judge Garland's nomination sets a dangerous precedent. We can't stand idly by. https://t.co/k76I6DCDRI"""
"b'Enough of the shameless partisanship, Senators. #DoYourJob and fill the Supreme Court vacancy. https://t.co/vIQY0bivo4'"
b'Help keep the pressure on Senate leaders to give Judge Garland a fair hearing before their next recess. https://t.co/lkLz4yidaw #DoYourJob'
b'The American Bar Association gave Judge Garland its highest possible rating. He deserves a hearing and a vote.\xe2\x80\xa6 https://t.co/FUVmGKdZgB'
"b'""Their right to inherit a healthy planet is a sacred responsibility."" \xe2\x80\x94President Obama #ActOnClimate https://t.co/MYumi6xiIW'"
"b""Communities are already experiencing the effects of climate change\xe2\x80\x94we can't afford not to act. Take a look:\xe2\x80\xa6 https://t.co/sEjVzKqhsw"""
"b""As the #UNGA meets, take a look at the progress we've made thanks to American leadership in the world. https://t.co/b4T0zGccLH"""
b'LIVE: President Obama is speaking at the 71st Session of the United Nations General Assembly. https://t.co/J8cm9QquER #UNGA'
b'LIVE: President Obama is delivering a statement in New York. https://t.co/MJUr8C84Wd'
b'President Obama commemorates #HispanicHeritageMonth in an address to @CHCI. https://t.co/oTVX7zOyFD'
b'Senate leaders are putting politics above their basic responsibility to hold a hearing for Judge Garland. #DoYourJob https://t.co/N7vH2ncwmb'
"b""Six months is long enough, senators. It's time to #DoYourJob and give Judge Garland a hearing. https://t.co/A2Yedmhuw6"""
b'RT @OFA: Friendly reminder for Senate leaders on #ConstitutionDay2016: https://t.co/my5zUWxb6j'
"b'The Supreme Court should remain above partisan politics, Senator. https://t.co/DlWud7Rh3K #DoYourJob https://t.co/Wjd96qn9Hf'"
b'Progress starts with a conversation. Make sure you have the facts to get yours started: https://t.co/MxWdiJxz4o https://t.co/Q3iP0Jwg1t'
"b'When we protect our lands and waters, it helps us protect our climate for future generations. #ActOnClimate https://t.co/8tygZI0TDR'"
"b'""There is no \'election year\' exception in Article II."" Sen. Leahy calls on senators to give Judge Garland a hearing: https://t.co/VjxClMdqUg'"
"b'President Obama just made history by protecting nearly 5,000 square miles off the New England coast. https://t.co/i8MAFYU60k #OurOcean'"
b'LIVE: President Obama is speaking at the 2016 Our Ocean Conference. https://t.co/ALK46jhUpw #OurOcean'
b'RT @WhiteHouse: BREAKING: @POTUS will designate the first-ever marine monument in the Atlantic Ocean:\nhttps://t.co/t33G5z2QpK https://t.co/\xe2\x80\xa6'
b'We need nine justices for a fully functioning Supreme Court\xe2\x80\x94and editorial boards across the country agree. https://t.co/WD42qmgXpO'
"b'RT @cspan: .@RepJohnLewis on #GunViolence: ""The time for silence is over."" https://t.co/zUUX02jNnN'"
"b""We can't let Senate leaders ignore their constitutional responsibilities. https://t.co/ExY5wZcWi6 #DoYourJob https://t.co/IwO7CAoVm2"""
b'Stay informed. Stay engaged. Speak up. Join the @OFA Truth Team: https://t.co/b0eae4PXDX'
b'The U.S. is on track to hit two million solar installations within the next two years. Momentum is building: https://t.co/dTb4M3J4MY'
b'Time is almost up for Senate leaders to do the right thing and fill the #SCOTUS vacancy. https://t.co/rPbzUkZAUE #DoYourJob'
b'Median household income: \xe2\xac\x86\nPoverty rate: \xe2\xac\x87\nUninsured rate: \xe2\xac\x87\n\nMiddle-class economics works. https://t.co/ThPXBSux09'
"b'In 2015, we saw the fastest household income growth on record and the largest drop in the poverty rate since 1968. https://t.co/Kyw1vuhont'"
b'RT @WhiteHouse: Fastest household income growth on record \xe2\x9c\x93 \n \nLargest drop in poverty rate since 1968 \xe2\x9c\x93 \n\nhttps://t.co/qK505KUeuP https://\xe2\x80\xa6'
b'The Supreme Court must remain above partisanship. Senate leaders: The time to fill the vacant seat is now. https://t.co/7mmbuXjsPO'
b'ICYMI: This is a really big deal. https://t.co/raNeUV5fRd'
"b'Vice President Biden speaks on the ""dangerous precedent"" Senate leaders are setting by refusing to do their jobs. https://t.co/W1A7Oyb4gB'"
"b""These are records we can't keep breaking. We must work together to #ActOnClimate. https://t.co/sTxNR10sjK"""
"b""Meaningful action on climate change can't wait. President Obama explains why in this @nytimes interview. https://t.co/zbaDcpztIW"""
"b'We need to keep up efforts to fight climate change at every level\xe2\x80\x94locally, nationally, globally. #ActOnClimate https://t.co/L10qdkgPDg'"
"b'RT @FactsOnClimate: BREAKING: A new strategy to harness the power of wind means more jobs, less pollution: https://t.co/s0I0CmalFL https://\xe2\x80\xa6'"
b'Senate leaders are back in session. Keep the pressure high\xe2\x80\x94call out their obstructionism. https://t.co/eThTUbIMH0 #DoYourJob'
"b""There's no need to overcomplicate the process. #DoYourJob https://t.co/QgaNgKNBzJ"""
b'We must take bold steps now\xe2\x80\x94climate change is already impacting millions of people. https://t.co/ZWBgt0XEWt #ActOnClimate'
"b'Congress is back, and they have important work to do before their next recess. Make sure you say where you stand: https://t.co/Ll1Croa3Ui'"
"b'RT @VPLive: ""Every nominee, including Kennedy in an election year\xe2\x80\x94got an up or down vote"" \xe2\x80\x94@VP on serving as Senate Judiciary Chairman or R\xe2\x80\xa6'"
"b""Stay in the loop with important facts. Join @OFA's Truth Team: https://t.co/2KkNrPgHPL https://t.co/FDOocrpQvU"""
"b""Rising sea levels are already flooding homes and roads along America's coasts. The time to #ActOnClimate is now. https://t.co/OplSsyTHEX"""
"b'Fewer Americans are uninsured than ever before, thanks to #Obamacare. https://t.co/tFbGtiPzWL'"
b'Congress is back from recess. Help put the pressure on Senate leaders to give Judge Garland a hearing: https://t.co/F4eATpElMT #DoYourJob'
b'The process is clear. The Supreme Court and American people are waiting for Senate leaders to get to work. https://t.co/1YzeZLIcAT'
b'Senate leaders have 32 days before their next recess to give Judge Garland a hearing and a vote. Call them out now: https://t.co/IV1AGOEDag'
"b'The Paris Climate Agreement is a big deal in the fight against climate change\xe2\x80\x94and now, a big step closer to reality. https://t.co/5vd6n0BFgG'"
b'The United States is leading the way in the fight to #ActOnClimate. https://t.co/vkUMjg6XKc'
"b""Conservation not only protects diverse lands and species, it's also an important part of battling climate change. https://t.co/gjvhHNPFKL"""
"b'""When we protect our lands, it helps us protect the climate for the future."" \xe2\x80\x94President Obama #ActOnClimate https://t.co/qdoCgYPQom'"
"b""President Obama has a message for America's workers today\xe2\x80\x94check it out: https://t.co/KlPj1YGeQ4 #LaborDay https://t.co/qzbHAfRXNs"""
"b'In the weekly address, President Obama commemorates the labor movement that helped build this country. https://t.co/JsZvcpTyee'"
"b""RT @WhiteHouse: It's official: The U.S. and China have entered into the #ParisAgreement: https://t.co/RQIMfGp7rg https://t.co/7IPK6WAeZD"""
"b'Recess is almost over, and editorial boards across the country are calling for Senate leaders to do their jobs. https://t.co/Pr78WaT0V2'"
"b""When Americans stand together, there's no challenge too great to solve\xe2\x80\x94not even climate change. #ActOnClimate today: https://t.co/5mqlv3ZXas"""
b'Unemployment: \xe2\xac\x87\nDeficits: \xe2\xac\x87\nUninsured rate: \xe2\xac\x87\nJobs: +15.1 million https://t.co/mWcAgfM8zn'
"b""It's been a long road, but we're far better off than we were eight years ago. https://t.co/o8UdtCezYE"""
"b'The economy added 151,000 jobs in August\xe2\x80\x94extending the longest streak of total job growth on record.'"
b'Senate leaders return from recess next week. They need to get to work on a vote for Judge Garland\xe2\x80\x94say so. https://t.co/pdRYkz7kFV #DoYourJob'
"b'Recess is almost over, and editorial boards across the country are calling for Senate leaders to do their jobs. https://t.co/ScbkMVcovu'"
"b'RT @WhiteHouse: ""There\'s no conflict between a healthy economy and a healthy planet."" \xe2\x80\x94@POTUS https://t.co/kLOKgyiEvf https://t.co/GL2z2FHN\xe2\x80\xa6'"
"b""Stay in the loop with important facts, brought to you weekly. Join @OFA's Truth Team: https://t.co/YNdzkLi9cb"""
"b""Senate leaders need to hear you expect a vote on Judge Garland when recess ends\xe2\x80\x94say you'll let them know: https://t.co/ETmcpsRRY6 #DoYourJob"""
"b""We can't afford to have a Supreme Court that's short-handed. Here's why: https://t.co/XcIRdewObs"""
"b'The American people need their legislators to be dedicated to solutions, not obstruction. #DoYourJob https://t.co/mrTXe8sti6'"
b'Senate leaders have a job to do\xe2\x80\x94join the thousands reminding them when they reconvene next week. https://t.co/FWsdVnejYH #DoYourJob'
b'RT @WhiteHouse: .@POTUS cannot do it alone. Congress must act to enact a fairer federal sentencing system: https://t.co/eNv6u25429 https://\xe2\x80\xa6'
"b""Summer's almost over, Senate leaders. #DoYourJob https://t.co/JOEchACJ6i"""
"b""Have meaningful, fact-based conversations. Join OFA's Truth Team: https://t.co/R0cSASIGew. https://t.co/Fs4esnNcdD"""
b'Show off your pride in this movement\xe2\x80\x94grab your Organizing&amp; tee: https://t.co/lFFWUSZljm. https://t.co/htUFnTNn28'
"b""Senate leaders must put country before party politics. Read why it's time to give Judge Garland a vote. https://t.co/zipWl7JgU2"""
"b""It's not too late for Senate leaders to give Judge Garland a fair hearing and up-or-down vote. Say you agree. https://t.co/p48z2I8Mvr"""
"b'Obstruction\xe2\x80\x94especially when it comes to the Supreme Court\xe2\x80\x94is nothing to be proud of, @SenateMajLdr. #DoYourJob https://t.co/FwsAnwqNH2'"
b'President Obama continues his track record of protecting millions of acres of federal land and water. Take a look: https://t.co/J2GXikEUvR'
"b""Speaking up is the first step. Let's build on our progress one conversation at a time. #WomensEqualityDay https://t.co/a0poSyIiqP"""
"b""Say you'll continue the fight to make gender equality a reality in America: https://t.co/XusbC9I8l3 #WomensEqualityDay"""
"b""We've come a long way, but there's still more to do to make sure women are truly treated equally. #WomensEqualityDay https://t.co/B7C0Nk27T5"""
"b'Organize for change in your community, and look good doing it. https://t.co/1Flbtn2PQQ https://t.co/e5TkkUQI1A'"
"b'""These are our American cathedrals, and they belong to you."" \xe2\x80\x94Jonathan B. Jarvis, director of the @NatlParkService https://t.co/NbAXewqVsA'"
"b""Happy 100th birthday, @NatlParkService. Here's to the next 100. #NPS100 https://t.co/LGShTB9l4x"""
b'RT @SecretaryJewell: .@NatlParkService \xf0\x9f\x92\xaf bday is a great time to look to next century\xe2\x80\x94connecting all Americans to parks &amp; conservation.SJ h\xe2\x80\xa6'
b'We need nine Supreme Court justices. The Senate needs to do its job and vote on Judge Garland: https://t.co/VbPUcviyZ2 #DoYourJob'
b'This is nothing more than shameless partisanship. The Supreme Court should be held in higher regard. #DoYourJob https://t.co/I0TN3csv0O'
b'Get important news delivered straight to your inbox\xe2\x80\x94join the @OFA Truth Team: https://t.co/CQa3WGnBcB'
"b""Rhode Island just built America's first offshore wind farm, which will create clean energy and fight climate change. https://t.co/76pwc0JM3m"""
"b""America's leadership in the fight against climate change pays off in more ways than one. #ActOnClimate https://t.co/tGK9Uu5l0C"""
"b'RT @WhiteHouse: ""What I want the people of Louisiana to know is this\xe2\x80\x94you\xe2\x80\x99re not alone.""\xe2\x80\x94@POTUS: https://t.co/6Uet2HpPXI https://t.co/d5yjHs\xe2\x80\xa6'"
"b""We can't wait any longer to restore our Supreme Court to full capacity. Tell Senate leaders: It's time for a vote. https://t.co/INKhdtm2rn"""
"b""The Supreme Court isn't some partisan football to be kicked around. Senate leaders should stop treating it like one. https://t.co/akIkPCcxUM"""
"b'Read why the Supreme Court needs nine justices, not shameless partisanship. https://t.co/8p9l6bSPcq'"
b'Get the facts. Cut through the noise with the @OFA Truth Team: https://t.co/4YNdcmVTED https://t.co/OlBqKSgLUZ'
"b'""We\xe2\x80\x99ve protected more than 265 million acres of public lands and waters."" \xe2\x80\x94President Obama https://t.co/TyJS4eBFr5'"
"b'In the weekly address, President Obama commemorates the 100th anniversary of the @NatlParkService. https://t.co/TyJS4eBFr5'"
b'Another record broken. https://t.co/sw9XGUXWqX #ActOnClimate'
"b""Our children's health and prosperity is too important to ignore the consequences of climate change. Speak out now: https://t.co/rNIKnWI2K2"""
"b""Climate change is not too big of a challenge to solve. We're making good headway. #ActOnClimate https://t.co/s2yzyDqvNR"""
b'\xe2\x80\x9cEach month just gives another data point that makes the evidence stronger that we\xe2\x80\x99re changing the climate.\xe2\x80\x9d https://t.co/QbFZXySQ86'
"b""Fifteen months in a row of record-breaking heat is a signal that can't be denied: We need to #ActOnClimate. https://t.co/pXnbiNYFP9"""
"b'Get the facts, not the fluff\xe2\x80\x94join the OFA Truth Team: https://t.co/ssz4MCTj7s'"
b'Carry what you need while organizing for change. https://t.co/PcxJtQcx2I https://t.co/cVvj9b3Mnq'
b'New standards for heavy-duty trucks will cut 1.1 billion metric tons of carbon pollution through 2027. https://t.co/1BncKu28M3'
b'Call on Congress to #DisarmHate. Add your name to support common-sense gun legislation: https://t.co/YvBX3rPILx'
"b""We shouldn't accept this as normal. #DisarmHate https://t.co/tqmaTawXXX"""
"b""Doing nothing won't stop our country's gun violence epidemic. Congress must act to #DisarmHate. https://t.co/0kbF22nnm4"""
"b""RT @WhiteHouse: Here's how today's new actions will spur innovation and promote more efficient vehicles: https://t.co/WoV9454Y4B https://t.\xe2\x80\xa6"""
b'We\xe2\x80\x99re taking important steps to help guarantee the basic security of paid family leave. https://t.co/yvRhINmIGA #LeadOnLeave'
b'Senate leaders must stop obstructing our Supreme Court. Take a stand and show your support. https://t.co/1AaykUkmvn #DoYourJob'
"b""Reminder: It's the Senate's job to fairly consider Supreme Court nominees. #DoYourJob https://t.co/xrkYcRsLNw"""
"b'Today, thousands of young DREAMers are able to fully contribute to our communities and our economy. https://t.co/szjWDVYm9X'"
b'Judge Garland deserves a fair hearing and an up-or-down vote. Add your voice and show your support: https://t.co/OVDjQVdx3v #DoYourJob'
b'It\xe2\x80\x99s not too late. Senate leaders can still make this right and give Judge Garland an up-or-down vote. https://t.co/ysc4UvluR0'
b'Editorial boards around the country agree: Our judicial system is too important to be used as a political football. https://t.co/f1INOTKcmL'
"b'""There\'s no doubt that America has become a global leader in the fight against climate change."" \xe2\x80\x94President Obama https://t.co/nuI6cbADqm'"
"b""In the weekly address, President Obama discusses progress made in combating climate change\xe2\x80\x94and what's left to do. https://t.co/nuI6cbADqm"""
"b""Let's be clear: Senate leaders are playing political games with the Supreme Court. #DoYourJob https://t.co/EpPURJ3Dwa"""
b'The Clean Power Plan will improve the future health and well-being of our children and families. #ActOnClimate https://t.co/Kw09SczeRv'
"b""Not long ago, women could be charged more for health insurance\xe2\x80\x94for being women. There's more to do: https://t.co/YQE99FTIoH #StandWithWomen"""
"b""Equality isn't a zero-sum game. https://t.co/Gj2V95WzPO"""
"b""Five months is long enough. It's time for a fair hearing and an up-or-down vote. https://t.co/PyMjLh8UJ8"""
b'Senate leaders continue to obstruct a full Supreme Court and it must stop\xe2\x80\x94add your name if you agree: https://t.co/UWY4jtePG2 #DoYourJob'
b'Read what major news outlets are saying about the critical need for a fully functioning Supreme Court: https://t.co/phINUVx7gh'
"b""20 million more insured \xe2\x9c\x94\xef\xb8\x8f \n15 million new jobs \xe2\x9c\x94\xef\xb8\x8f \nA global climate agreement \xe2\x9c\x94\xef\xb8\x8f \n\nLet's keep it going: https://t.co/bs3lO6xPr8"""
"b""Don't let misinformation go unchallenged. Join the @OFA Truth Team and get the facts to fight back: https://t.co/Vs5CT07FZm"""
"b""Being cynical is easy. It's having hope in the face of adversity that's hard\xe2\x80\x94but essential. https://t.co/60rtFlFjWp"""
b'Grab one of these for all your progressive organizing travels. https://t.co/1sNkW0iJwY https://t.co/UlT5Wszne5'
"b""Don't let the cynics win. Keep pushing for change with @OFA. https://t.co/uNYCHVCDWH"""
"b""We've accomplished so much as a movement\xe2\x80\x94and it's thanks to the power of organizing. https://t.co/9VIhARMNvL"""
"b""Judge Garland has now waited 146 days. That's shameful\xe2\x80\x94and irresponsible. #DoYourJob https://t.co/JaP7YUQyOV"""
b'Senate leaders are hamstringing our Supreme Court. This obstruction is unprecedented\xe2\x80\x94and unacceptable: https://t.co/G3HWlzCJx6 #DoYourJob'
b'Editorial boards from across the country have called on Senate leaders to fill the Supreme Court vacancy. https://t.co/oEPoijSThE'
b'RT @WhiteHouse: Watch @POTUS and @FLOTUS share their favorite Olympic memories\xe2\x80\x94and cheer on #TeamUSA: https://t.co/p2YKF9yZhl https://t.co/\xe2\x80\xa6'
b'President Obama has done more to improve energy efficiency than any previous U.S. leader. https://t.co/RnYnwaopaG #ActOnClimate'
b'Adding clean energy jobs is another way the U.S. is continuing to #ActOnClimate. https://t.co/EbM6XUrDRW'
b'Show your support for bold action to fight climate change. https://t.co/DnEYpzMPrY #ActOnClimate'
b'Americans across the country agree that we need bold action in the fight against climate change. #ActOnClimate https://t.co/znuajZ6CmE'
"b""These extreme records aren't a fluke\xe2\x80\x94climate change is largely caused by human activity. https://t.co/vENHkR9Exl #ActOnClimate"""
"b'""Team USA reminds the world why America always sets the gold standard."" \xe2\x80\x94President Obama https://t.co/N0gNxp5fEg'"
b'President Obama reflects on his experience as a feminist\xe2\x80\x94and his hopes to continue building toward gender equality. https://t.co/77Sy5Fi0kr'
b'RT @WhiteHouse: FACT: Wages are rising at the fastest pace in 7 years \xe2\x86\x92 https://t.co/C8P76lnNkb #JobsReport https://t.co/erXP4sSOsd'
"b""Today's jobs report underscores what we know to be true: America's economy is the strongest in the world. https://t.co/iXJjuWeOB6"""
"b""This is a good thing for American workers and businesses\xe2\x80\x94but there's more work to do. https://t.co/QGb6k0pwPr"""
"b""Our economy is continuing its comeback. Let's keep up the progress. https://t.co/qUPGBzkqQ5"""
